-1.9999999999999991,-2.0,-2.0000000000000027,-2.0000000000000018,8.0000000000000018
-1.9999999999999993,-1.9999999999976668,-1.9999999125081689,-1.9965004958064054,7.9965004083122384
-1.9999999999999951,-1.9999999998507094,-1.9999986005225825,-1.9860079316099815,7.986006531983266
-1.9999999999998899,-1.9999999983000931,-1.999992918451285,-1.968540142872798,7.9685330596240647
-1.9999999999989087,-1.9999999904535839,-1.9999776334285251,-1.9441268230774311,7.9441044469584465
-1.9999999999934974,-1.9999999636067187,-1.9999454399722101,-1.9128094753512184,7.9127548789236428
-1.9999999999720557,-1.9999998914156158,-1.9998869804567554,-1.8746413448512778,7.874528216695702
-1.9999999999041491,-1.9999997264449707,-1.9997908713538721,-1.8296873320210807,7.8294779297240717
-1.9999999997212528,-1.9999993911211844,-1.9996437351804595,-1.7780238868607841,7.7776670128836791
-1.9999999992853896,-1.9999987671269985,-1.9994302380795097,-1.719738884384586,7.7191678888764823
-1.9999999983414627,-1.9999976832804247,-1.9991331329468593,-1.6549314814692129,7.6540622960379583
-1.9999999964484272,-1.9999959019469697,-1.9987333080037251,-1.5837119553281442,7.5824411617272647
-1.9999999928839247,-1.9999931040402916,-1.9982098407022844,-1.5062015238762403,7.5044044615027392
-1.9999999865163856,-1.9999888726723478,-1.9975400568391337,-1.4225321482791453,7.4200610643070117
-1.9999999756381561,-1.9999826755198815,-1.9966995947393222,-1.3328463180109504,7.3295285639083092
-1.9999999577526224,-1.9999738459796719,-1.9956624743617786,-1.2372968187722642,7.2329330968663355
-1.9999999293079116,-1.999961563190344,-1.994401171165463,-1.1360464836488859,7.1304091473126032
-1.9999998853692833,-1.9999448310036696,-1.9928866945643682,-1.0292679279186669,7.0220993388559858
-1.9999998192219179,-1.9999224559932114,-1.991088670788745,-0.91714326794090517,6.9081542139447771
-1.999999721895489,-1.9998930245928164,-1.9889754299594844,-0.79986382458860583,6.7887320010363945
-1.9999995816015546,-1.9998548794618132,-1.9865140971726891,-0.67762981170925596,6.6639983699453111
-1.9999993830745475,-1.999806095177924,-1.9836706873818675,-0.55065001012410197,6.5341261757584403
-1.9999991068069107,-1.9997444533626556,-1.9804102038562192,-0.41914142769962881,6.3992951917254128
-1.9999987281687326,-1.9996674173474516,-1.976696739984837,-0.2833289460476025,6.259691831548623
-1.9999982164021057,-1.9995721064920926,-1.9724935841886397,-0.14344495443179511,6.1155088615146314
-1.9999975334803541,-1.9994552702696309,-1.9677633276943176,0.00027102851956622986,5.9669451029247345
-1.9999966328222016,-1.9993132622347183,-1.9624679749175407,0.14757274467681747,5.814205125297641
-1.9999954578510113,-1.9991420139943141,-1.9565690561962954,0.29820759720970608,5.6574989308319124
-1.9999939403892468,-1.9989370093015815,-1.9500277426093144,0.45191706167062617,5.4970416306295151
-1.999991998878448,-1.9986932583952683,-1.942804962609308,0.60843710668821116,5.3330531131948113
-1.9999895364151716,-1.9984052727079009,-1.9348615201960007,0.7674986235836001,5.1657577057354711
-1.9999864385935731,-1.9980670400668701,-1.9261582143499378,0.92882786420733099,4.9953838288030479
-1.9999825711455688,-1.9976720005128354,-1.9166559594445249,1.0921468862815669,4.8221636448213596
-1.9999777773698668,-1.9972130228597986,-1.9063159063509614,1.2571740055202121,4.6463327010604125
-1.9999718753415126,-1.9966823821208086,-1.8950995639485229,1.423624253788685,4.4681295676221575
-1.9999646548940422,-1.9960717379224491,-1.8829689207510656,1.5912098425554246,4.2877954710121298
-1.9999558743668302,-1.99537211403007,-1.8698865663597199,1.7596406308787802,4.1055739238778379
-1.9999452571107308,-1.9945738791041583,-1.8558158124514577,1.928624597165794,3.9217103515005496
-1.999932487745731,-1.9936667288063084,-1.8407208130135639,2.0978683139334726,3.7364517156321284
-1.9999172081649557,-1.9926396693709287,-1.8245666835350791,2.2670774247984955,3.5500461362724658
-1.9998990132800416,-1.991481002756105,-1.8073196188679042,2.4359571229179902,3.3627425119860579
-1.9998774465036817,-1.9901783134840145,-1.7889470094725697,2.6042126301018773,3.1747901393583855
-1.9998519949658364,-1.988718457277838,-1.7694175557665908,2.7715496758165314,2.9864383321937309
-1.9998220844610317,-1.9870875515983346,-1.7487013802968669,2.9376749753000184,2.7979360410562122
-1.9997870741249502,-1.9852709681791216,-1.7267701374618221,3.102296706010883,2.6095314737550086
-1.9997462508394788,-1.9832533276552633,-1.7035971205136882,3.2651249816356116,2.4214717173728162
-1.9996988233662996,-1.9810184963749191,-1.6791573655768111,3.4258723228841839,2.2340023624338436
-1.9996439162101003,-1.9785495854787334,-1.6534277524238077,3.5842541243086723,2.0473671298039666
-1.9995805632134829,-1.9758289523262196,-1.6263871017579858,3.7399891163868726,1.8618075009108142
-1.9995077008867259,-1.972838204342664,-1.5980162687575807,3.8927998221208675,1.6775623518661003
-1.999424161476592,-1.969558205354057,-1.568298232645049,4.0424130074098912,1.4948675920658039
-1.9993286657794984,-1.9659690844713569,-1.5372181820528892,4.1885601244673794,1.3139558078363629
-1.9992198157054653,-1.9620502475787747,-1.5047635959662307,4.3309777475637654,1.1350559116867021
-1.9990960866004372,-1.9577803914740817,-1.4709243200316284,4.4694080003896692,0.9583927977164759
-1.998955819335694,-1.9531375207019308,-1.435692638031302,4.6035989743480084,0.78418700372091554
-1.9987972121742326,-1.9480989671139786,-1.3990633383321809,4.733305137098923,0.61265438052146604
-1.9986183124252317,-1.9426414121822353,-1.3610337751298083,4.8582877306976275,0.44400576903964495
-1.9984170078988375,-1.9367409120845132,-1.3216039243181554,4.9783151586827286,0.27844668561877434
-1.9981910181747258,-1.9303729255731288,-1.2807764338278764,5.0931633614909639,0.11617701608476388
-1.9979378856990986,-1.9235123446301905,-1.2385566682873268,5.2026161795937718,-0.042609280977158603
-1.9976549667259031,-1.9161335279048504,-1.1949527478728244,5.3064657037715346,-0.19772446126796037
-1.9973394221193144,-1.9082103369198307,-1.1499755812271166,5.4045126119627085,-0.34898727169644983
-1.9969882080356027,-1.8997161750264451,-1.103638892337768,5.4965664921473216,-0.49622321674750913
-1.9965980665037164,-1.8906240290791296,-1.0559592412802297,5.5824461507475522,-0.63926481388447876
-1.9961655159250036,-1.8809065137923089,-1.0069560387435981,5.6619799060520011,-0.77795183759109343
-1.9956868415136273,-1.8705359187341766,-0.95665155427057424,5.7350058661951255,-0.91213155167675186
-1.9951580857002802,-1.8594842579037842,-0.90507091815675655,5.8013721912488503,-1.0416589294880314
-1.9945750385228633,-1.8477233218296225,-0.85224211696823315,5.8609373390095563,-1.1663968616888409
-1.9939332280288276,-1.8352247321197566,-0.79819598265034974,5.9135702940906736,-1.2862163512917424
-1.9932279107148068,-1.8219599983854964,-0.74296617521455399,5.9591507799584935,-1.4009966956436382
-1.9924540620301621,-1.807900577452664,-0.6865891590042883,5.9975694535771122,-1.510625655090001
-1.9916063669718882,-1.7930179347665831,-0.62910417255501772,6.0287280823568707,-1.6149996080633846
-1.9906792107992188,-1.7772836078892762,-0.57055319207757871,6.052539703129896,-1.7140236923638237
-1.9896666698970398,-1.7606692719797632,-0.5109808886081223,6.0689287629058759,-1.8076119324209534
-1.9885625028179321,-1.7431468071409322,-0.45043457888193628,6.0778312411910678,-1.8956873523502706
-1.9873601415334008,-1.7246883675093434,-0.38896417000235051,6.0791947536838817,-1.9781820746387908
-1.9860526829253755,-1.7052664519572795,-0.3266220979897464,6.0729786371908521,-2.0550374043184534
-1.9846328805496793,-1.6848539762696793,-0.26346326030934286,6.059154015637632,-2.1262038985089333
-1.9830931367036519,-1.6634243466520826,-0.19954494248988186,6.0377038470805715,-2.1916414212349582
-1.9814254948304364,-1.6409515344195214,-0.13492673895863783,6.0086229516554912,-2.2513191834468973
-1.9796216322929134,-1.6174101517103936,-0.069670468231154303,5.9719180204314695,-2.3052157681970105
-1.9776728535503774,-1.5927755280637537,-0.0038400826069138194,5.9276076051685997,-2.3533191409475567
-1.975570083771361,-1.5670237876931605,0.062498427465439987,5.8757220890098028,-2.3956266450107235
-1.9733038629160458,-1.540131927285362,0.12927713417752962,5.8163036381679243,-2.4321449821440484
-1.9708643403217356,-1.5120778941474429,0.19642627811776503,5.7494061347001759,-2.4628901783487644
-1.9682412698248255,-1.4828406645219649,0.2638743787959611,5.6750950904928557,-2.4878875349420291
-1.9654240054525094,-1.4524003218857517,0.33154834972606062,5.5934475426096881,-2.5071715649974911
-1.9624014977172877,-1.4207381350446193,0.39937361784637759,5.5045519301874668,-2.5207859152719387
-1.9591622905469845,-1.3878366358333567,0.46727424704661358,5.408507953092534,-2.5287832737588083
-1.9556945188825525,-1.3536796962276954,0.53517306556127997,5.3054264125811672,-2.531225263032201
-1.9519859069754952,-1.3182526046729013,0.60299179697989791,5.1954290342360672,-2.5281823195675699
-1.9480237674160863,-1.2815421414319459,0.67065119461577027,5.0786482734797298,-2.5197335592474688
-1.9437950009229163,-1.2435366527549812,0.73807117896691654,4.9552271039936135,-2.5059666292826344
-1.9392860969235159,-1.2042261236711198,0.8051709779952001,4.8253187893995131,-2.486977546800079
-1.9344831349549212,-1.1636022492031985,0.87186926994268477,4.6890866385864678,-2.4628705243710347
-1.9293717869121103,-1.1216585038064364,0.93808432839776568,4.5467037450928256,-2.4337577827720471
-1.9239373201711727,-1.0783902088325217,1.0037341693178399,4.3983527109785685,-2.3997593512927149
-1.9181646016129426,-1.0337945978218746,1.0687366997100256,4.2442253556478855,-2.3610028559230947
-1.91203810257159,-0.98787087942840368,1.1330098676668519,4.0845224101059463,-2.3176232957728056
-1.905541904731368,-0.94062029778327849,1.1964718134498606,3.9194531971570901,-2.2697628080923056
-1.8986597069932913,-0.89204619010676545,1.2590410213107626,3.7492352980739447,-2.2175704222846524
-1.8913748333320133,-0.8421540413803803,1.3206364717371064,3.5740942062884864,-2.1612018033132001
-1.8836702416616573,-0.79095153589508449,1.3811777938074083,3.394262968676562,-2.100818984927229
-1.8755285337276417,-0.73844860549540059,1.4405854173393722,3.2099818150268984,-2.036590093143229
-1.8669319660398542,-0.68465747434381707,1.4987807245141225,3.0214977763043538,-1.968689060434806
-1.8578624618606787,-0.62959270003489387,1.5556862006593835,2.8290642923345115,-1.8972953310983232
-1.8483016242595431,-0.57327121089391264,1.6112255838752385,2.6329408095533999,-1.8225935582751829
-1.8382307502436517,-0.51571233930090188,1.6653240131873874,2.433392369481413,-1.744773293124247
-1.8276308459726105,-0.45693785088717981,1.7179081749149139,2.2306891885949134,-1.664028666650037
-1.8164826430624916,-0.39697196945844837,1.768906446942168,2.0251062302822072,-1.5805580647034347
-1.8047666159828311,-0.33584139750562647,1.81824904058782,1.8169227695825569,-1.4945637966819199
-1.7924630005477349,-0.27357533217234004,1.8658681397680534,1.6064219514179343,-1.4062517584659129
-1.7795518135001487,-0.21020547655598432,1.9116980371555981,1.393890343036825,-1.31583109013629
-1.7660128731859168,-0.14576604622773687,1.9556752670415494,1.1796174813979909,-1.2235138290258862
-1.7518258213120097,-0.080293770865733471,1.997738734612903,0.96389541622948949,-1.1295145586646491
-1.7369701457808373,-0.013827890904708484,2.0378298413652232,0.74701824950420581,-1.0340500541838828
-1.7214252045901852,0.053589850884998791,2.0758926063771144,0.52928167207826471,-0.93733892475019165
-1.7051702507858388,0.12191522296644453,2.1118737831808123,0.31098249824218588,-0.83960125360360338
-1.6881844584514849,0.19110152382026357,2.1457229719716682,0.092418198937197077,-0.74105823627764311
-1.6704469497179888,0.26109960600087279,2.1773927269080682,-0.1261135656097209,-0.6419318175812303
-1.6519368227716063,0.33185790551080296,2.2068386582628912,-0.34431541307844549,-0.5424443279236415
-1.6326331808381778,0.4033224765284763,2.2340195291974871,-0.56189070532377694,-0.44281811956400752
-1.6125151621178495,0.47543703151347672,2.2588973469396882,-0.77854401296898512,-0.34327520336632905
-1.5915619706422364,0.5481429867022366,2.2814374481582904,-0.99398157757887518,-0.244036886639415
-1.5697529080235875,0.62137951299540883,2.3016085783378752,-1.2079117706710618,-0.14532341263863324
-1.5470674060628047,0.69508359222669303,2.3193829649697015,-1.420045548830406,-0.047353602303182363
-1.5234850601808188,0.76919007879109769,2.334736384386682,-1.6300969041989231,0.049655501201963659
-1.4989856636352996,0.84363176659873773,2.3476482220830874,-1.8377833096217728,0.14548898457524917
-1.4735492424822032,0.9183394613084287,2.3581015263727028,-2.0428261577398548,0.23993441254092843
-1.4471560912393282,0.99324205778331753,2.3660830552524672,-2.2449511933301123,0.33278217153365774
-1.4197868092065911,1.0682666226988196,2.3715833163523636,-2.4438889382066655,0.4238258083620754
-1.3914223373954813,1.1433384822212043,2.3745965998662228,-2.6393751080089864,0.51286236331704238
-1.3620439960178579,1.2183813146631288,2.3751210043723643,-2.831151020217217,0.59969269719958362
-1.3316335224820133,1.293317248010688,2.3731584554673897,-3.0189639927502361,0.68412181175417375
-1.3001731098418357,1.3680669622045798,2.3687147171511036,-3.2025677325178559,0.76595916300401057
-1.2676454456427431,1.4425497960464377,2.3617993959152992,-3.3817227133160683,0.84501896699707635
-1.2340337511061268,1.5166838585897988,2.3524259375040719,-3.5561965424722448,0.92112049748450353
-1.1993218205920702,1.5903861448637273,2.340611616328363,-3.725764315666253,0.99408837506623515
-1.1634940612782734,1.6635726557660826,2.3263775175325048,-3.8902089593736395,1.0637528473533278
-1.1265355329913633,1.7361585219522619,2.3097485117256698,-4.0493215603976225,1.1299500597110568
-1.0884319881251194,1.8080581315347117,2.2907532224062832,-4.2029016819786209,1.1925223161627478
-1.0491699115785487,1.8791852613979056,2.2694239861225443,-4.3507576659923268,1.2513183300504278
-1.0087365606453684,1.9494532119234229,2.2457968054272701,-4.4927069207707078,1.3061934640653858
-0.96712000478499693,2.0187749449098913,2.2199112947002222,-4.6285761941042862,1.3570099592791729
-0.9243091652040486,2.0870632244630469,2.1918106189259605,-4.7582018310086074,1.4036371528236509
-0.88029385417609796,2.1542307606220987,2.1615414255299035,-4.8814300158632635,1.4459516838873623
-0.83506481402658994,2.2201903554798044,2.1291537693898475,-4.9981169985575606,1.4838376877145016
-0.78861375570884096,2.2848550515453487,2.0947010311544378,-5.1081293043034428,1.5171869773124995
-0.74093339689636817,2.3481382820912966,2.0582398290141835,-5.2113439268032336,1.5458992125941253
-0.69201749951619518,2.4099540232183685,2.0198299240843602,-5.3076485044870836,1.5698820567005534
-0.64186090664729401,2.4702169473649453,1.9795341195726397,-5.3969414795629236,1.5890513192726359
-0.59045957870800336,2.5288425779816728,1.9374181539174111,-5.4791322396498252,1.6033310864587482
-0.5378106288561364,2.5857474450856515,1.8935505880955901,-5.5541412417942313,1.6126538374691286
-0.48391235752533446,2.6408492414032869,1.8480026873110267,-5.6219001186972655,1.61696054750829
-0.4287642860214787,2.6940669788059828,1.8008482972867275,-5.6823517670103696,1.6162007769391411
-0.37236718910311817,2.745321144738643,1.7521637153955418,-5.7354504175856427,1.6103327465545791
-0.3147231264703243,2.794533858337136,1.7020275568751309,-5.781161687596664,1.5993233988547244
-0.25583547308697918,2.8416290259278587,1.6505206163835699,-5.8194626144748645,1.5831484452504192
-0.19570894826211946,2.8865324955999263,1.5977257251620576,-5.8503416716360519,1.5617923991361911
-0.1343496434169483,2.9291722105386859,1.5437276040807646,-5.8737987660010198,1.5352485947985213
-0.071765048465056824,2.9694783608078983,1.4886127128528017,-5.889845217343578,1.5035191921479381
-0.007964076734594136,3.0073835332673622,1.4324690957097699,-5.8985037195285717,1.4666151672860372
0.057042911637501748,3.0428228593126678,1.3753862238401471,-5.899808283731522,1.4245562889412084
0.12324408790769513,3.0757341601244743,1.3174548348990074,-5.8938041637604108,1.3773710808292372
0.1906261345912354,3.1060580891159191,1.2587667699041647,-5.8805477636287762,1.3250967700174592
0.25917422705577625,3.1337382712687623,1.199414807839795,-5.8601065275575657,1.2677792213932357
0.32887201690631485,3.1587214390514586,1.1394924982938304,-5.8325588126112287,1.2054728583596281
0.39970161722241843,3.1809575646154973,1.0790939924602305,-5.7979937442010847,1.1382405699029419
0.47164358970657849,3.2003999879704272,1.0183138728409209,-5.7565110547161638,1.0661536041982402
0.54467693380000348,3.2170055408423508,0.95724698198576474,-5.708220905568461,0.98929144894034549
0.61877907781981056,3.2307346659259886,0.89598825061127196,-5.6532436929655807,0.90774169860851295
0.69392587216883106,3.2415515312461989,0.8346325254407615,-5.5917098377494971,0.82159990889370871
0.77009158466642524,3.2494241393513494,0.77327439710984591,-5.523759559665061,0.73096943853744301
0.84724889804595227,3.2543244310679671,0.71200802848151479,-5.4495426364462416,0.63596127885081088
0.9253689096612483,3.2562283835539461,0.65092698371493829,-5.369218148131881,0.53669387120175105
1.0044211334415811,3.2551161023957316,0.59012405843106386,-5.2829542070454965,0.43329291277712334
1.0843735041310321,3.2509719075040184,0.52969111131645796,-5.1909276738961125,0.32589115094460747
1.1651923838449736,3.2437844125718702,0.46971889750450146,-5.0933238604783995,0.21462816655705758
1.2468425709728614,3.2335465978692786,0.41029690406981179,-4.9903362194709313,0.099650146558981162
1.3292873114527746,3.2202558761588524,0.3515131879682224,-4.8821660218513738,-0.018890353728472947
1.4124883124396765,3.20391415152837,0.2934542167499179,-4.7690220224659665,-0.14083465825199504
1.496405758385364,3.1845278709477562,0.2362047123683475,-4.6511201143088865,-0.26601822739257863
1.5809983295443206,3.1621080683700762,0.17984749840162456,-4.52868297208403,-0.39427092423198895
1.6662232229157303,3.1366704012088653,0.12446335099658157,-4.4019396856376574,-0.52541728948351696
1.7520361756277967,3.1082351790372051,0.070130853838621221,-4.2711253838657566,-0.65927682463786508
1.8383914907665739,3.0768273843674141,0.016926257442549497,-4.1364808497135934,-0.79566428286294166
1.9252420656472113,3.0424766853842873,-0.035076656948701268,-3.9982521268984494,-0.93438996718434475
2.0125394225214315,3.0052174405189991,-0.085806708579645896,-3.8566901189980962,-1.0752600354626867
2.1002337417107744,2.9650886947655803,-0.13519544324390431,-3.7120501815588343,-1.2180768116736143
2.1882738971508813,2.9221341676567407,-0.18317725393387396,-3.5645917078864855,-1.3626391029872602
2.2766074943277803,2.876402232831262,-0.22968949583112452,-3.4145777091926748,-1.5087425221352408
2.3651809105828585,2.8279458891406364,-0.27467259540146838,-3.2622743897763122,-1.6561798145457121
2.4539393377587877,2.776822723258491,-0.31807015337036332,-3.107950717926665,-1.8047411897202481
2.5428268271544123,2.7230948637724204,-0.35982904136665439,-2.9518779932400374,-1.9542146563201377
2.6317863367523149,2.6668289267538561,-0.39989949203527253,-2.7943294110459189,-2.1043863604249768
2.7207597806782613,2.6080959528182772,-0.43823518243265402,-2.6355796246422321,-2.2550409264216511
2.8096880808477316,2.5469713357042316,-0.47479331053227053,-2.4759043060407238,-2.4059617999789671
2.8985112207501667,2.4835347424163663,-0.50953466468139208,-2.3155797059247951,-2.5569315925603449
2.9871683013175816,2.4178700249943148,-0.54242368586470446,-2.1548822135218169,-2.7077324269253733
3.0755975988198703,2.3500651239857029,-0.57342852264475908,-1.9940879170902104,-2.8581462830706021
3.1637366247250078,2.2802119637184961,-0.60252107866426119,-1.833472165719721,-3.0079553440595199
3.2515221874584004,2.2084063394841333,-0.62967705261029727,-1.6733091331390257,-3.1569423411932092
3.3388904559914652,2.1347477967596351,-0.65487597055588886,-1.5138713842204856,-3.3048908979747247
3.4257770251857762,2.0593395026131822,-0.67810121060997541,-1.3554294448660658,-3.4515858723229162
3.5121169828151766,1.9822881094537901,-0.69934001982247818,-1.1982513759510602,-3.5968136964954276
3.5978449781845394,1.9037036113019665,-0.7185835233070974,-1.0426023519949985,-3.7403627141844091
3.6828952922602993,1.8236991927738588,-0.73582672556038053,-0.88874424521938167,-3.8820235142543948
3.7672019092242386,1.7423910709871382,-0.75106850397162095,-0.73693521564225828,-4.021589260597497
3.850698589358744,1.6598983306120951,-0.76431159453428488,-0.58742930784839054,-4.158856017588163
3.9333189431683766,1.5763427523064437,-0.77556256978560612,-0.44047605506164778,-4.2936230706275662
4.0149965066394806,1.4918486347870137,-0.78483180901713656,-0.2963200911333429,-4.4256932412760142
4.0956648175366031,1.4065426108056802,-0.79213346081491998,-0.15520077104596158,-4.5548731964814007
4.1752574926315891,1.320553457310869,-0.79748539800386675,-0.017351800517035776,-4.6809737514215541
4.253708305758531,1.2340119000893117,-0.8009091650866299,0.116999124728079,-4.8038101654892902
4.3309512665852479,1.1470504131957038,-0.80242991828284227,0.24763066946247614,-4.9232024309605853
4.4069206999895316,1.0598030134904264,-0.80207635828997215,0.37432819870840867,-5.0389755538983936
4.4815513259262865,0.97240505061732063,-0.79988065590216828,0.49688410621641044,-5.1509598268578491
4.5547783396695847,0.88499299276498777,-0.79587837063837186,0.6150981311757534,-5.2589910929719537
4.6265374923118703,0.7977042085658419,-0.79010836254554984,0.72877766267914845,-5.3629110010113115
4.696765171400922,0.71067674549730331,-0.78261269735718653,0.83773803148524784,-5.4625672510262868
4.7653984815936159,0.6240491051592032,-0.77343654520107441,0.94180278864365796,-5.5578138301954034
4.8323753252044588,0.53796001581020403,-0.76262807306396452,1.0408039705692682,-5.6485112385199665
4.8976344825256115,0.45254820255446759,-0.750238331233814,1.1345823501751044,-5.7345267040213699
4.9611156917944248,0.36795215557722205,-0.73632113395297738,1.2229876736960175,-5.8157343871146869
5.0227597286838082,0.28430989683473495,-0.72093293452797858,1.3058788828592509,-5.8920155738498146
5.0825084851902664,0.201758745610365,-0.70413269515316734,1.3831243220818341,-5.963258857729298
5.1403050477943983,0.12043508335358721,-0.68598175171683384,1.4546019303995306,-6.0293603098306816
5.1960937747684417,0.040474118223596922,-0.66654367386897606,1.5201994178568545,-6.0902236369799168
5.2498203725058392,-0.037990350237179338,-0.64588412064005751,1.5798144261130567,-6.1457603277416597
5.3014319707481787,-0.11482616587133743,-0.62407069190958842,1.6333546730446411,-6.195889786011894
5.3508771965854738,-0.18990304968584892,-0.60117277603232422,1.6807380811508201,-6.2405394520181208
5.3981062471067878,-0.26309283221068303,-0.57726139393810738,1.7218928895946295,-6.2796449105526273
5.4430709605790986,-0.3342696840040123,-0.55240904002909141,1.7567577497385656,-6.3131499862845599
5.4857248860338599,-0.40331034387183634,-0.5266895202050238,1.7852818040603142,-6.3410068260173142
5.5260233511420891,-0.47009434437073688,-0.50017778735362006,1.807424748360646,-6.3631759677783784
5.5639235282606396,-0.53450423416448278,-0.472949774648664,1.8231568772022362,-6.3796263966497282
5.5993844985343912,-0.59642579680799079,-0.44508222700340661,1.8324591125449643,-6.3903355872679581
5.6323673139411188,-0.65574826553563603,-0.41665253103102057,1.8353230155697851,-6.395289532944247
5.6628350571684054,-0.71236453363542496,-0.38773854386741591,1.8317507817100305,-6.3944827613755946
5.6907528992144867,-0.76617135999574537,-0.35841842121438716,1.8217552189354176,-6.3879183369397721
5.7160881546077658,-0.81706956941748776,-0.32877044496319435,1.8053597093604719,-6.3756078495875554
5.7388103341428431,-0.8649642472912662,-0.29887285075984193,1.7825981542751894,-6.3575713903669246
5.7588911950340771,-0.90976492824713195,-0.2688036558739415,1.7535149027217849,-6.3338375136347889
5.7763047883911876,-0.95138577839270577,-0.23864048773276983,1.7181646637669978,-6.3044431860327101
5.7910275039250321,-0.98974577076495251,-0.20846041348117766,1.6766124026447975,-6.2694337223237007
5.8030381117955017,-1.0247688536308539,-0.17833977092632158,1.6289332209694016,-6.2288627082077284
5.812317801517489,-1.0563841112831545,-0.14835400122363132,1.5752122212430375,-6.1827919102537408
5.8188502178450721,-1.0845259169888095,-0.11857748365735638,1.5155443559072239,-6.1312911731061304
5.8226214935583887,-1.1091340777601661,-0.089083372864957017,1.4500342612099257,-6.0744383041431913
5.8236202790821858,-1.130153970631868,-0.059943438850018627,1.3787960761842897,-6.0123189457845898
5.8218377688697087,-1.1475366701401541,-0.031227910122936797,1.3019532470572976,-5.9450264356639151
5.817267724490387,-1.1612390667156078,-0.0030053203025151576,1.2196383174288028,-5.8726616549010657
5.8099064943647409,-1.1712239757153702,0.024657641495167804,1.1319927045829967,-5.7953328647275359
5.7997530300950171,-1.1774602368364384,0.051696276161785404,1.0391664623151151,-5.7131555317354783
5.786808899345246,-1.1799228036679019,0.078048015685012739,0.94131803067651654,-5.626252142038874
5.7710782952297874,-1.1785928231566081,0.10365255951809715,0.83861397306075414,-5.5347520046520318
5.7525680421747953,-1.1734577047781536,0.12845200593839928,0.73122870107197413,-5.4387910444070151
5.7312875982226297,-1.1645111792227687,0.15239097811253077,0.6193441876351804,-5.3385115847475708
5.7072490537548042,-1.1517533464239453,0.17541674459650541,0.50314966882493217,-5.2340621207522968
5.6804671266147793,-1.135190712776315,0.19747933401048046,0.38284133490568983,-5.1255970827546342
5.6509591536176806,-1.1148362174083515,0.21853164363954375,0.25862201109254573,-5.013276590941417
5.6187450784398063,-1.0907092473949225,0.23852954172434732,0.13070082855584209,-4.8972662013250723
5.5838474358867245,-1.0628356418144767,0.25743196321822825,-0.00070711379283522335,-4.7777366434976409
5.5462913325446097,-1.0312476845756975,0.27520099880081766,-0.13538109618289701,-4.6548635505868328
5.5061044238254029,-0.99598408595875232,0.291801976951926,-0.27309513297274035,-4.5288271818458359
5.4633168874224403,-0.95708995283689924,0.30720353890372981,-0.41361833516958335,-4.3998121383196871
5.4179613931989783,-0.91461674756475175,0.32137770630392293,-0.55671527989742997,-4.2680070720407182
5.3700730695381846,-0.86862223554056128,0.33429994143745839,-0.70214638621969305,-4.133604389215388
5.319689466188998,-0.81917042147066388,0.34594919986988049,-0.8496682967150232,-3.9967999478731908
5.2668505136481825,-0.76633147438531257,0.35630797539087133,-0.99903426419745966,-3.8577927504562806
5.2115984791248691,-0.71018164147623952,0.36536233715257749,-1.1499945429653791,-3.7167846318358277
5.1539779191396047,-0.65080315084716345,0.37310195891341735,-1.3022967839588218,-3.5739799432470365
5.0940356288158233,-0.58828410328956438,0.379520140314489,-1.4556864331998358,-3.4295852326409118
5.0318205879272275,-0.5227183532167764,0.38461382013221446,-1.6099071328875967,-3.2838089219550683
4.9673839037703429,-0.45420537891029256,0.38838358146759733,-1.7647011245172257,-3.1368609818104201
4.9007787509369836,-0.38285014225267366,0.39083364884924188,-1.9198096533900215,-2.9889526041435297
4.8320603080667821,-0.30876293814170985,0.39197187724418192,-2.0749733738825267,-2.8402958732867267
4.7612856916653472,-0.23205923380068894,0.39180973298752109,-2.229932754842058,-2.6911034360101183
4.6885138870787397,-0.15285949821919986,0.3903622666587635,-2.3844284844784203,-2.5415881710398818
4.6138056767201512,-0.071289021978495848,0.38764807794965761,-2.5382018741235695,-2.3919628585677426
4.5372235656495112,0.012522272265593437,0.38368927258520724,-2.6909952602347977,-2.2424398502655123
4.4588317046115664,0.098440028350646469,0.37851141137622424,-2.84255240402153,-2.0932307403169061
4.3786958106426903,0.18632566391669947,0.37214345149844752,-2.9926188880811102,-1.9445460379767252
4.2968830853610411,0.27603658612889903,0.36461768010960494,-3.1409425094354422,-1.7965948421641009
4.2134621310590177,0.3674264154691893,0.35596964043215384,-3.2872736683676917,-1.6495845185926672
4.128502864721149,0.46034521723576627,0.34623805044531597,-3.4313657524663719,-1.5037203799358581
4.0420764300942897,0.5546397403731933,0.3354647143458438,-3.5729755152934564,-1.3592053695198689
3.9542551079408872,0.65015366324057866,0.32369442695231943,-3.711863449102994,-1.2162397490307892
3.8651122246094993,0.74672784591057506,0.3109748712429089,-3.8477941510476645,-1.0750207907153164
3.7747220590599619,0.84420058857803382,0.29735650923127444,-3.9805366823224646,-0.93574247454680326
3.6831597484838641,0.94240789564366501,0.28289246639956034,-4.1098649197070953,-0.79859519081999275
3.5905011926635759,1.0411837450257988,0.26763840992138221,-4.2355578989821794,-0.66376544862857567
3.4968229572158869,1.1403603622413745,0.25165242092114604,-4.3574001497083561,-0.53143559067004975
3.4022021758684904,1.2397684987864723,0.23499486102901723,-4.4751820208722064,-0.40178351481177038
3.3067164519197707,1.3392377143365617,0.2177282335032682,-4.5886999969186313,-0.27498240284096709
3.210443759034213,1.4385966622773187,0.19991703920369674,-4.6977570037053553,-0.15120045680987051
3.1134623415271951,1.5376733780686629,0.1816276277111184,-4.802162703932467,-0.030600643374506992
3.0158506142944992,1.6362955699369315,0.16292804389871451,-4.9017337816171942,0.086659553487050608
2.9176870625427123,1.7342909113837708,0.14388787027118921,-4.9962942152024699,0.20042837100479943
2.8190501414777045,1.8314873349945247,0.12457806539713162,-5.0856755389065835,0.31055999703722348
2.7200181761087352,1.9277133270242399,0.10507079876895425,-5.1697170919403712,0.41691479003844412
2.620669261326094,2.0227982222357315,0.085439282432863695,-5.2482662552384847,0.51935948924379693
2.5210811624102103,2.1165724984612644,0.065757599738884009,-5.3211786753713293,0.61776741476097285
2.4213312161297567,2.2088680703576702,0.046100531567708991,-5.3883184753251134,0.71201865726998048
2.3214962325858157,2.2995185818239472,0.026543380397241523,-5.4495584518586417,0.80200025705164046
2.2216523979583336,2.3883596965504399,0.0071617925770619539,-5.5047802591669344,0.88760637208110071
2.1218751783099341,2.4752293861700059,-0.011968420816497266,-5.5538745786037298,0.96873843494028977
2.0222392246008298,2.5599682154836132,-0.030771464167974855,-5.5967412742370577,1.0453052983205926
1.9228182790668675,2.64241962423612,-0.049171738173509894,-5.633289534034545,1.1172233689050692
1.8236850831108538,2.7224302049219911,-0.067094020972703172,-5.6634379964978399,1.1844167294377013
1.7249112868551311,2.7998499761059064,-0.084463649178190242,-5.6871148625883823,1.2468172488055369
1.626567360500851,2.8745326507494413,-0.10120669841881064,-5.7042579928099544,1.3043646799784749
1.5287225076367343,2.9463358990419182,-0.11725016301223909,-5.7148149893364018,1.3570067456699906
1.4314445806370839,3.0151216052417711,-0.13252213438393118,-5.7187432630964752,1.4046992116015544
1.3347999982856309,3.0807561180436731,-0.14695197785084002,-5.7160100857508596,1.4474059472723986
1.2388536657583022,3.1431104939966756,-0.16047050739076457,-5.7065926265199423,1.4850989741557328
1.1436688970941931,3.2020607335095836,-0.17301015802152597,-5.6904779738441906,1.5177585012619426
1.0493073402802322,3.2574880089914369,-0.18450515541802259,-5.6676631418822767,1.5453729480286338
0.95582890507069207,3.3092788846877701,-0.19489168240020233,-5.6381550618752998,1.567938954517043
0.86329169365831537,3.3573255277868932,-0.20410804193030513,-5.6019705584285431,1.5854613789136431
0.77175193430928335,3.4015259103847271,-0.21209481626422533,-5.5591363107851253,1.5979532823553428
0.68126391806923803,3.4417840019121217,-0.2187950219087344,-5.509688799188595,1.6054359011159725
0.59187993864276678,3.4780099516444549,-0.22415426004420003,-5.4536742364540816,1.6079386062110621
0.50365023554322819,3.5101202609302269,-0.22812086208078752,-5.3911484848897642,1.6054988504970993
0.41662294060469096,3.5380379447928014,-0.23064603002546147,-5.3221769587324417,1.5981621033604132
0.33084402794186174,3.5616926825777893,-0.23168397134680463,-5.2468345122825406,1.585981773109697
0.24635726743841657,3.5810209573374032,-0.23119202803536126,-5.1652053139452176,1.5690191172047618
0.1632041818379231,3.5959661836627514,-0.22913079956821475,-5.0773827064049799,1.5473431404725231
0.081424007505782575,3.6064788236951482,-0.22546425949845517,-4.9834690531818042,1.5210304814793323
0.0010536589241814664,3.6125164910683436,-0.2201598654024241,-4.8835755718366523,1.4901652872465536
-0.077872303024164924,3.6140440425548115,-0.21318866193067998,-4.7778221541137791,1.4548390765138148
-0.15532169893403591,3.6110336572109989,-0.20452537672211968,-4.6663371733263936,1.4151505917715523
-0.23126475487486461,3.6034649028387586,-0.19414850895462998,-4.5492572793104387,1.371205640301177
-0.3056741224707229,3.5913247896028002,-0.18204041032029095,-4.4267271812894435,1.3231169244776584
-0.37852489503371856,3.5746078106670041,-0.16818735822798936,-4.2988994190105716,1.2710038616052795
-0.44979461972808388,3.5533159697358472,-0.15257962105185718,-4.1659341225286877,1.2149923935727844
-0.51946330574905297,3.5274587954108831,-0.13521151525962294,-4.027998761031605,1.1552147866293991
-0.5875134285075998,3.4970533422960726,-0.11608145427127714,-3.8852678811146921,1.0918094215974989
-0.65392992981880649,3.4621241788098494,-0.095191988914922865,-3.7379228349281775,1.0249205748520596
-0.71870021409875806,3.4227033616862061,-0.072549839363501678,-3.5861514986343783,0.95469819041043469
-0.78181414058164145,3.3788303971712557,-0.048165918453238921,-3.4301479816253049,0.88129764348893191
-0.84326401157566866,3.3305521889464389,-0.022055346301989909,-3.2701123269641674,0.80487949589538932
-0.90304455678338158,3.2779229728337205,0.0057625438367906456,-3.1062502035255455,0.72560924363841761
-0.96115291371871425,3.2210042383628328,0.035264208531017971,-2.9387725903207103,0.64365705714557619
-1.0175886042600084,3.1598646373047985,0.066421905966576378,-2.7678954535045137,0.55919751449314892
-1.0723535073849395,3.0945798793003023,0.099203716594273961,-2.5938394165699963,0.47240932806036107
-1.1254518281400021,3.025232614735649,0.13357357261989755,-2.4168294242457615,0.38347506503021833
-1.1768900629038208,2.9519123050426934,0.16949129631207016,-2.2370944006186639,0.292580862167723
-1.2266769610100567,2.8747150806230382,0.20691264708457013,-2.0548669020120442,0.19991613531449456
-1.2748234828020264,2.7937435866198763,0.24578937729178507,-1.87038276515563,0.10567328404599657
-1.3213427541975848,2.7091068167839745,0.28606929665815384,-1.6838807511888967,0.010047391944354528
-1.3662500178487977,2.6209199357028958,0.32769634524456492,-1.4956021860444502,-0.086764077054211464
-1.409562580987094,2.5293040896845405,0.37061067483717569,-1.3057905977613915,-0.18456158577322931
-1.4512997600503639,2.4343862066079436,0.41474873862665718,-1.1146913512819754,-0.28314383390226039
-1.4914828221942129,2.3362987850753782,0.46004338902864927,-0.92255128128693276,-0.38230807062288097
-1.530134923795095,2.2351796732202955,0.50642398347936779,-0.72961832362584278,-0.48185040927872513
-1.5672810460583357,2.1311718375458382,0.55381649802356359,-0.53614114589988504,-0.58156614361117942
-1.602947927849335,2.0244231221877684,0.60214364849588975,-0.34236877775329988,-0.68125006508102215
-1.6371639958710167,1.9150859990145119,0.6513250190806964,-0.14855024142910878,-0.78069678079508198
-1.6699592923154309,1.8033173089949246,0.7012771980197634,0.045065816857479735,-0.87970103155673618
-1.701365400121887,1.6892779952814947,0.75191392022248671,0.2382314941776924,-0.97805800955978595
-1.7314153659782328,1.5731328284733692,0.80314621651821916,0.43069999623276728,-1.0755636752461226
-1.7601436212059922,1.4550501245388134,0.85488256927657635,0.62222600024046382,-1.1720150728498611
-1.7875859006737758,1.3352014558917999,0.90702907410765554,0.81256601482737612,-1.2672106441530557
-1.8137791598869712,1.2137613561311125,0.9594896073412732,1.0014787363959996,-1.3609505399814132
-1.8387614904049716,1.0909070189633123,1.0121659989716976,1.1887254014426836,-1.4530369289727214
-1.8625720337401395,0.96681799184312545,1.0649582107424642,1.3740701343096062,-1.5432743031550562
-1.8852508938955115,0.84167586487544077,1.1177645190348231,1.5572802898630433,-1.6314697798777957
-1.906839048700619,0.71566395553368789,1.170481702212482,1.7381267905984483,-1.7174333996439994
-1.927378260106996,0.58896698975809647,1.2230052320655975,1.9163844576831555,-1.8009784193998537
-1.9469109836067631,0.46177078000538307,1.2752294689876724,2.0918323354580517,-1.8819216008443438
-1.9654802769393156,0.3342619008287348,1.3270478605104812,2.2642540089299708,-1.9600834933298716
-1.9831297082523442,0.20662736257235503,1.3783531428144653,2.4334379137995454,-2.0352887109340219
-1.9999032638844267,0.07905428377017637,1.4290375448249162,2.5991776385806449,-2.1073662032913112
-2.0158452559371063,-0.048270437158092427,1.4789929944980855,2.7612722183810217,-2.1761495197839089
-2.0310002298047336,-0.17516045031773542,1.5281113268958499,2.919526419927442,-2.2414770667008233
-2.0454128718303304,-0.30143028225919888,1.5762844936429175,3.0737510174328202,-2.3031923569862096
-2.0591279172556503,-0.42689566280967062,1.6234047733566355,3.2237630589173452,-2.3611442522086605
-2.0721900586329127,-0.55137385021884011,1.6693649826364436,3.3693861226111914,-2.4151871963958822
-2.0846438548648698,-0.67468395402334846,1.7140586871977561,3.5104505630820815,-2.4651814413916195
-2.0965336410387292,-0.79664725503730482,1.7573804127336461,3.6467937467472393,-2.5109932634048522
-2.1079034392179783,-0.91708752188007869,1.799225855087089,3.7782602764456241,-2.5524951704346566
-2.1187968703543594,-1.0358313234580228,1.8394920893168289,3.9047022047642321,-2.5895661002686805
-2.1292570674801983,-1.1527083368226037,1.8780777772409614,4.0259792358289737,-2.6220916087671342
-2.1393265903389613,-1.2675516498348589,1.9148833730442492,4.1419589152888676,-2.6499640481592981
-2.1490473416091858,-1.3801980580744622,1.949811326537932,4.2525168082405207,-2.6730827350948054
-2.1584604848740656,-1.4904883554411361,1.9827662836644158,4.3575366648583786,-2.6913541082075954
-2.1676063644856978,-1.598267617906393,2.0136552838434527,4.4569105735148833,-2.7046918749662474
-2.1765244274695692,-1.7033854798854076,2.0423879537618315,4.550539101193892,-2.7130171476007487
-2.1852531476109722,-1.8056964027111824,2.0688766972145003,4.6383314210199895,-2.7162585679123357
-2.1938299518611548,-1.9050599347065664,2.0930368806117516,4.7202054267457276,-2.7143524207897598
-2.202291149196614,-2.001340962364405,2.1147870137748739,4.7960878340584916,-2.7072427362723479
-2.2106718620604506,-2.0944099521612389,2.1340489256507995,4.865914268588484,-2.6948813800175953
-2.2190059605099108,-2.1841431825466566,2.1507479345855809,4.9296293405193108,-2.6772281320483255
-2.2273259991892314,-2.2704229656672377,2.1648130128061629,4.987186705722368,-2.6542507536720636
-2.2356631572416843,-2.3531378584023828,2.1761769447705834,5.0385491133565088,-2.6259250424830274
-2.2440471812692429,-2.4321828623081378,2.1847764790579061,5.0836884398943774,-2.5922348753749054
-2.2525063314426239,-2.5074596120847747,2.190552473481123,5.1225857095567857,-2.5531722395105119
-2.2610673308586984,-2.5788765522044113,2.1934500331188094,5.1552311011566001,-2.5087372512123025
-2.2697553182360855,-2.6463491013560905,2.1934186409744889,5.1816239413734708,-2.4589381627557865
-2.2785938040336768,-2.7097998043875759,2.1904122809864761,5.2017726845005239,-2.4037913570657494
-2.287604630070371,-2.7691584714456425,2.1843895531252633,5.2156948787239132,-2.3433213303331657
-2.2968079327178375,-2.8243623040396675,2.1753137803305291,5.2234171190155978,-2.2775606625886242
-2.3062221097314377,-2.8753560077770772,2.1631531070551158,5.224974986739146,-2.2065499762857499
-2.3158637907776463,-2.9220918915432619,2.1478805891993522,5.2204129760874869,-2.1303378829659336
-2.325747811709455,-2.9645299529232423,2.1294742752354319,5.2097844074904511,-2.0489809180931875
-2.3358871926341731,-3.0026379496874531,2.1079172783382685,5.1931513281486392,-1.9625434641652821
-2.3462931198110124,-3.036391457189362,2.0831978393565613,5.1705843998684964,-1.8710976622246853
-2.3569749314086326,-3.0657739115485159,2.0553093804751899,5.1421627743916201,-1.7747233119096641
-2.3679401071456376,-3.0907766385185247,2.0242505494380465,5.1079739564289159,-1.6735077602028003
-2.3791942618296877,-3.1113988679658795,1.9900252542184558,5.0681136546277612,-1.5675457790506515
-2.3907411428036025,-3.1276477339118971,1.9526426880427692,5.0226856207171666,-1.4569394320444382
-2.4025826312995111,-3.1395382601167183,1.9121173446913933,4.9718014770927059,-1.3417979303678709
-2.4147187476947245,-3.1470933312109608,1.8684690240201471,4.9155805331188702,-1.2222374782333343
-2.4271476606556996,-3.1503436494073283,1.8217228276639461,4.854149590442395,-1.0983811080433157
-2.4398657001490771,-3.1493276768512919,1.7719091449037281,4.7876427376254727,-0.9703585055288344
-2.4528673742916145,-3.1440915636964171,1.719063628696698,4.7162011344220787,-0.83830582513074614
-2.4661453900034487,-3.1346890620165735,1.6632271618890724,4.6399727860352167,-0.70236549590426833
-2.4796906774219756,-3.1211814256937269,1.604445813649628,4.5591123077067381,-0.56268601824066466
-2.4934924180266429,-3.1036372964458536,1.5427707861814579,4.4737806800039417,-0.41942175171290524
-2.5075380764177098,-3.0821325761857428,1.4782583517882792,4.3841449951804448,-0.2727326943652727
-2.5218134356853126,-3.0567502859267934,1.4109697803905261,4.2903781950002999,-0.12278425377872218
-2.5363026362981578,-3.027580411477333,1.340971257605216,4.1926588004263152,0.030252989743957265
-2.5509882184347017,-2.9947197361895377,1.2683337935219741,4.0911706335836593,0.18620352751860469
-2.5658511676729012,-2.9582716610535855,1.1931331223259378,3.9861025324205408,0.34488717398000568
-2.580870963948307,-2.9183460124515652,1.1154495929362978,3.8776480584974613,0.50611932496611234
-2.5960256336841199,-2.8750588379086706,1.0353680508468235,3.7660051983447129,0.66971122240125203
-2.6112918049906026,-2.8285321902021812,0.95297771137216025,3.6513760588367807,0.8354702249838406
-2.6266447658254113,-2.778893900210865,0.86837202452060969,3.5339665570398888,1.0032000844757756
-2.6420585250008006,-2.7262773389084431,0.78164853173063953,3.4139861049951761,1.1727012271834263
-2.6575058759180972,-2.670821168925861,0.69290871472458637,3.2916472899071318,1.3437710402122376
-2.6729584629045613,-2.6126690861267119,0.60225783674846578,3.1671655502117502,1.5162041620710554
-2.6883868500227539,-2.551969551659572,0.50980477648217715,3.040758848004514,1.6897927771956331
-2.7037605922177868,-2.4888755149688788,0.41566185491872609,2.9126473383115536,1.8643269139563849
-2.7190483086631647,-2.4235441282637353,0.31994465552525642,2.7830530356915322,2.0395947457101098
-2.734217758161678,-2.3561364529605235,0.22277183801212502,2.652199478658682,2.215382894451392
-2.749235916453832,-2.2868171586304191,0.12426494604885463,2.520311392418662,2.3914767366167329
-2.7640690552825191,-2.2157542149978662,0.024548209278276056,2.3876143504110439,2.5676607105910634
-2.7786828230589888,-2.1431185775496746,-0.076251660008703037,2.2543344351530163,2.7437186254643486
-2.7930423269722908,-2.069083867326535,-0.17800567516434002,2.120697898877939,2.9194339705852248
-2.8071122163811859,-1.9938260454808938,-0.28058278805774212,1.9869308244627113,3.0945902254571087
-2.8208567673250529,-1.9175230831950398,-0.38385010613848625,1.8532587871357182,3.2689711695228585
-2.8342399679879335,-1.8403546275631488,-0.4876731132886255,1.7199065174557446,3.4423611913839625
-2.8472256049479765,-1.762501664048687,-0.59191589405430367,1.5870975660485085,3.6145455970024574
-2.8597773500427746,-1.6841461761361551,-0.69644136084072894,1.4550539705847185,3.7853109164349381
-2.8718588476796634,-1.6054708028021336,-0.80111148364835816,1.323995925479468,3.9544452086506854
-2.8834338024191566,-1.5266584944350383,-0.90578752192276824,1.1941414547871185,4.1217383639898433
-2.8944660666588935,-1.4478921678369667,-1.0103302580860083,1.0657060887611525,4.2869824038207138
-2.9049197282449244,-1.3693543609436332,-1.1146002323137461,0.9389025445423691,4.4499717769599334
-2.914759197837363,-1.2912268878991817,-1.2184579781195581,0.81394041143115814,4.6105036524249421
-2.9239492958573918,-1.2136904951233434,-1.3217642583057754,0.69102584119326704,4.7683782080932424
-2.9324553388434071,-1.1369245190069337,-1.4243803008391713,0.57036124383962805,4.9233989148498836
-2.9402432250447403,-1.0611065458697881,-1.5261680342094919,0.45214498931300967,5.0753728158110087
-2.9472795190828274,-0.98641207481140547,-1.6269903218295532,0.33657111550405094,5.2241108002197327
-2.9535315355111047,-0.91301418408030399,-1.7267111950369038,0.22382904301045942,5.3694278716178507
-2.9589674211067671,-0.84108320158208105,-1.8251960842595825,0.11410329704207042,5.5111434099063574
-2.9635562357296634,-0.77078638013949941,-1.9223120479115263,0.0075732368643605663,5.649081426916327
-2.9672680315862277,-0.70228757810934483,-2.0179279985873437,-0.095587206839527955,5.7830708151224419
-2.9700739307388906,-0.63574694595223213,-2.1119149261309298,-0.19520978631862737,5.9129455891406781
-2.9719462007046902,-0.57132061934056111,-2.2041461171582544,-0.29113218246008932,6.0385451196635929
-2.97285832799008,-0.50916041937884282,-2.2944973706210519,-0.38319824150722004,6.159714359497193
-2.9727850894126777,-0.44941356049774839,-2.382847209005607,-0.47125820245965938,6.2763040613756917
-2.9717026210645239,-0.39222236657004017,-2.4690770847688066,-0.55516891483890762,6.3881709872422769
-2.9695884847758141,-0.33772399578144852,-2.5530715816228078,-0.63479404651727489,6.4951781086973437
-2.9664217319424444,-0.28605017477430694,-2.6347186102891658,-0.71000428132222004,6.597194798328136
-2.9621829645855615,-0.2373269425650093,-2.7139095983536627,-0.78067750614355602,6.6940970116477878
-2.9568543935161964,-0.19167440471887087,-2.790539673864461,-0.84669898728567528,6.7857674593852035
-2.9504198934835073,-0.14920649824733156,-2.8645078423278054,-0.90796153582347572,6.8720957698821188
-2.9428650551904818,-0.11003076767334052,-2.935717156768233,-0.96436566173549698,6.9529786413675509
-2.934177234066758,-0.07424815269032814,-3.0040748805333508,-1.0158197166050535,7.0283199838954893
-2.9243455956941444,-0.041952787819331427,-3.0694926425370639,-1.0622400246958823,7.0980310507464219
-2.9133611577865137,-0.013231814446950096,-3.1318865846496253,-1.103551002226008,7.1620305591090956
-2.9012168286321689,0.011834794395631065,-3.1911775009577519,-1.1396852646801139,7.2202447998744033
-2.8879074419131676,0.033174396175607912,-3.2472909686337954,-1.1705837220182893,7.2726077363896433
-2.8734297878228512,0.050721827610307413,-3.3001574701688163,-1.1961956616558884,7.3190610920372476
-2.8577826404096931,0.06441953973909964,-3.3497125067410547,-1.2164788191070164,7.3595544265186641
-2.8409667810824186,0.074217719051708819,-3.3958967025082831,-1.2313994362015075,7.3940452007404991
-2.8229850182186396,0.080074394434875518,-3.4386558996298806,-1.240932306803187,7.4224988302168313
-2.8038422028263352,0.081955529725116993,-3.477941243842336,-1.2450608099747333,7.4448887269182862
-2.7835452402149286,0.079835101681883236,-3.5137092604299225,-1.2437769305523527,7.4611963295153183
-2.7621030976400984,0.073695163222101345,-3.5459219204508488,-1.2370812671113884,7.4714111219802328
-2.739526807893971,0.063525891784203758,-3.5745466970978281,-1.2249830273216629,7.4755306405292554
-2.7158294688199338,0.049325622717125706,-3.5995566120910016,-1.2075000107092888,7.4735604689030968
-2.6910262387389059,0.031100867617261496,-3.6209302720203258,-1.1846585788593864,7.4655142220013566
-2.6651343277815469,0.0088663175641718883,-3.6386518945738455,-1.156493613111869,7.451413517903088
-2.6381729851285902,-0.01735516876638421,-3.6527113246077261,-1.1230484598199979,7.4312879383226962
-2.6101634821691677,-0.047532592105537397,-3.6631040400334607,-1.0843748632590338,7.4051749775671976
-2.5811290915946494,-0.081626854676119187,-3.6698311475172516,-1.0405328862894621,7.3731199800774805
-2.5510950624531827,-0.11959081729691468,-3.6728993680061555,-0.99159081889655365,7.3351760666528039
-2.5200885911977711,-0.1613693714162282,-3.672321012115177,-0.93762507474511736,7.2914040494742922
-2.4881387887682722,-0.20689952595712291,-3.6681139454289307,-0.87872007590481882,7.241872336059143
-2.4552766437551843,-0.25611050882922426,-3.6603015437909474,-0.81496812591818257,7.1866568222935374
-2.4215349817006158,-0.30892388293469752,-3.6489126386729307,-0.74646927139978803,7.1258407747080312
-2.386948420599051,-0.3652536764693739,-3.6339814527352896,-0.67333115237082641,7.0595147021745381
-2.351553322667852,-0.42500652729324018,-3.6155475257091778,-0.59566884154932676,6.9877762172195954
-2.3153877424645102,-0.48808184111857889,-3.5936556307488168,-0.51360467283141242,6.910729887163316
-2.2784913714346922,-0.55437196323819971,-3.5683556814212039,-0.42726805921443017,6.8284870753085229
-2.2409054789819076,-0.6237623634912548,-3.5397026295181928,-0.33679530042698441,6.7411657724183369
-2.2026728501563508,-0.69613183413938218,-3.5077563538936456,-0.24232938054561115,6.6488904187349878
-2.1638377200669883,-0.77135270030181213,-3.4725815405454505,-0.14401975589191329,6.5517917168061617
-2.1244457051272954,-0.84929104257497723,-3.4342475541789925,-0.042022133516871452,6.4500064353981346
-2.0845437312510948,-0.92980693143919624,-3.3928283015049541,0.063501759407236846,6.3436772047880057
-2.0441799591211125,-1.0127546730330654,-3.3484020865401543,0.17238441495431872,6.2329523037400119
-2.0034037066582786,-1.0979830658551923,-3.301051458195301,0.2844527922266632,6.1179854384821075
-1.9622653688255478,-1.1853356679322276,-3.2508630504483311,0.39952857319481971,5.9989355140112837
-1.920816334905104,-1.2746510739728378,-3.1979274154160451,0.51742842622747065,5.875966398066514
-1.8791089033929438,-1.3657632020083086,-3.142338849650316,0.63796427693228441,5.749246678119281
-1.8371961946594613,-1.4585015890030999,-3.0841952139979028,0.76094358591945199,5.6189494117410099
-1.7951320615291639,-1.5526916949015366,-3.0235977473751205,0.88616963308922236,5.4852518707165965
-1.7529709979370183,-1.6481552145610405,-2.9606508748201854,1.0134418080357639,5.3483352792824768
-1.7107680458225256,-1.744710397007732,-2.8954620101966335,1.142555906151747,5.2083845468751413
-1.6685787004265866,-1.8421723714362976,-2.8281413539313927,1.2733044300095453,5.0655879957847292
-1.6264588141593799,-1.9403534793630675,-2.7588016861803926,1.4054768955874608,4.9201370841153764
-1.5844644992104959,-2.0390636123302457,-2.6875581558228925,1.5388601429034625,4.77222612446017
-1.5426520290753836,-2.1381105545481804,-2.6145280656935932,1.6732386506117645,4.6220519987053894
-1.5010777391745054,-2.2373003298534373,-2.5398306544684757,1.8083948541128745,4.4698138693835414
-1.4597979267437537,-2.3364375523521228,-2.4635868756263122,1.944109466721921,4.3157128880002649
-1.4188687501763253,-2.435325780110992,-2.3859191739131322,2.0801618034368787,4.1599519007635681
-1.37834612799784,-2.5337678712529836,-2.3069512597412061,2.216330106843786,4.0027351521482419
-1.3382856376574699,-2.6315663418087962,-2.2268078819578321,2.3523918746929433,3.8442679867311518
-1.2987424143187496,-2.7285237246732588,-2.1456145994217506,2.4881241886786776,3.6847565497350789
-1.2597710498339512,-2.8244429290124478,-2.0634975518269272,2.6233040439524538,3.5244074867208695
-1.221425492086408,-2.9191275994665329,-1.9805832302144473,2.7577086788982652,3.3634276428691199
-1.1837589448844583,-3.0123824744937764,-1.896998247613229,2.8911159046993942,3.202023762292066
-1.1468237685905334,-3.1040137432020627,-1.8128691102496415,3.0233044342249746,3.0404021878172602
-1.110671381667756,-3.1938294000171505,-1.7283219897644369,3.1540542097661235,2.8787685616832168
-1.0753521633252749,-3.2816395965405691,-1.6434824968728203,3.283146729152933,2.717327527585728
-1.0409153574421062,-3.3672569899548734,-1.5584754569003418,3.4103653697851604,2.5562824345121573
-1.0074089779469959,-3.4504970873405147,-1.4734246876228123,3.5354957101133362,2.3958350427969832
-0.97487971583018973,-3.5311785852753759,-1.3884527798337079,3.6583258481089991,2.2361852328302709
-0.94337284795978626,-3.6091237040970396,-1.3036808810563896,3.7786467162681583,2.0775307168450547
-0.91293214787307997,-3.6841585162172006,-1.219228482811948,3.8962523926959909,1.9200667542062346
-0.88359979870972327,-3.7561132678883333,-1.1352132118459903,4.010940407825939,1.7639858706181053
-0.85541630845029126,-3.8248226938349621,-1.0517506257092317,4.122512046333175,1.6094775816613065
-0.82842042761996004,-3.8901263241744624,-0.96895401307792473,4.2307726438079643,1.4567281210643788
-0.80264906961294502,-3.9518687830665638,-0.8869341991902191,4.3355318777621097,1.305920174107615
-0.77813723378903665,-4.0099000785458081,-0.80579935676396741,4.4366040525494164,1.1572326165493925
-0.75491793148887909,-4.0640758830069874,-0.72565482275045079,4.5338083777888674,1.0108402594574468
-0.73302211510981097,-4.1142578038312356,-0.64660292126621954,4.6269692398891689,0.8669136003180935
-0.71247861037874072,-4.1603136436576857,-0.56874279303292763,4.7159164662812421,0.72561858078810815
-0.69331405195342843,-4.2021176498252073,-0.49217023164167417,4.8004855819768508,0.58711635144345664
-0.67555282247748027,-4.2395507525280518,-0.41697752694438261,4.8805180580808321,0.45156304386907797
-0.65921699520886523,-4.2725007912500024,-0.34325331586063856,4.9558615518959348,0.31910955042356787
-0.64432628033532224,-4.3008627290632226,-0.2710824408728989,5.026370138271032,0.18990131200040924
-0.6308979750839061,-4.3245388543998686,-0.20054581646792047,5.0919045318550502,0.064078114096641492
-0.61894691772531163,-4.343438969927659,-0.13172030376593546,5.1523322999318211,-0.058226108512918207
-0.60848544556685147,-4.3574805681841404,-0.064678593562713882,5.2075280655239666,-0.17688345821026374
-0.59952335702127302,-4.3665889936484881,0.00051090200724679402,5.2573737004671877,-0.29177225180467581
-0.59206787783119308,-4.3706975909545989,0.063784148995640444,5.3017585081704883,-0.40277718838033971
-0.58612363152215707,-4.369747838974618,0.12508158218004595,5.3405793957920018,-0.50978950747527585
-0.58169261414956741,-4.3636894705275617,0.18434818646332385,5.3737410355743886,-0.61270713736058602
-0.57877417339762494,-4.3524805774944824,0.24153356899578282,5.401156015099625,-0.71143483320330314
-0.5773649920805598,-4.3360877011477506,0.2965920219017758,5.4227449762373858,-0.80588430491085372
-0.57745907608891511,-4.3144859075294972,0.34948257551118478,5.4384367425777942,-0.89597433447056873
-0.57904774681588034,-4.2876588477412474,0.40016904201517867,5.4481684351547432,-0.98163088261279696
-0.58211963809078648,-4.2555988030345233,0.44862004948470624,5.4518855762826206,-1.0627871846420198
-0.58666069763901663,-4.2183067146198763,0.49480906620938397,5.4495421813457279,-1.1393838352962213
-0.5926541930796555,-4.1757921981396411,0.53871441533370445,5.4411008383964443,-1.211368862510855
-0.60008072246437327,-4.128073542777849,0.58031927978676445,5.4265327754354962,-1.2786977899800407
-0.60891822935277418,-4.0751776950084819,0.61961169752101242,5.4058179152645085,-1.341333688424267
-0.61914202241191063,-4.0171402270115921,0.65658454709461078,5.3789449178189157,-1.3992472154900257
-0.63072479951927163,-3.9540052898143419,0.69123552365136054,5.3459112099064612,-1.4524166442242108
-0.64363667634106592,-3.8858255512422408,0.72356710537088875,5.3067230022945742,-1.5008278800821588
-0.65784521934938245,-3.8126621187931553,0.75358651048081704,5.261395294107456,-1.5444744664457386
-0.67331548323429902,-3.7345844475742433,0.78130564494117316,5.2099518645118046,-1.5833575786444376
-0.69001005265909243,-3.6516702334691371,0.80674104092973675,5.1524252516879372,-1.6174860064894467
-0.70788908829914621,-3.5640052917293263,0.82991378627512513,5.0888567191010932,-1.6468761253477473
-0.72691037709759276,-3.4716834212105114,0.85084944500216997,5.0192962091058666,-1.6715518557999345
-0.74702938666321539,-3.3748062545001307,0.86957796917173602,4.9438022839343132,-1.6915446119427047
-0.76819932372913002,-3.2734830942084567,0.88613360221402693,4.8624420541367206,-1.706893238413163
-0.79037119658303401,-3.1678307357202042,0.9005547739712334,4.775291094561541,-1.7176439362295379
-0.81349388137357459,-3.0579732767283172,0.91288398768151024,4.6824333479789786,-1.723850177558599
-0.83751419218980505,-2.9440419138953127,0.92316769915198749,4.5839610164702593,-1.7255726095371315
-0.86237695480457899,-2.8261747270109003,0.93145618838385036,4.4799744407224615,-1.7228789472908346
-0.88802508396596802,-2.7045164510369535,0.93780342392700355,4.3705819673857151,-1.7158438563097989
-0.91439966411466944,-2.5792182364527925,0.94226692025614422,4.2558998046672505,-1.7045488243559361
-0.94144003339929172,-2.450437398334611,0.94490758847344669,4.1360518663533687,-1.6890820230929144
-0.96908387085541625,-2.3183371546232792,0.94578958065594476,4.0111696044676162,-1.6695381596448673
-0.99726728660917385,-2.1830863540537573,0.94498012817800348,3.8813918307894681,-1.6460183183045425
-1.0259249149601049,-2.0448591942379535,0.94254937435076247,3.7468645274742194,-1.6186297926269249
-1.0549900101936616,-1.9038349304105937,0.93857020173130046,3.6077406470312123,-1.5874859081582586
-1.0843945449682237,-1.7601975753636725,0.93311805446443064,3.464179901932062,-1.5527058360645978
-1.1140693111175695,-1.614135591111213,0.92627075602936237,3.3163485441367895,-1.5144143979373712
-1.1439440227049578,-1.4658415728402994,0.91810832277231436,3.1644191348403163,-1.4727418620673747
-1.1739474211612981,-1.3155119257178949,0.90871277361370961,3.0085703047558727,-1.4278237314903903
-1.2040073823360855,-1.1633465351355641,0.89816793632598335,2.8489865052666006,-1.3798005241209355
-1.234051025286391,-1.0095484309853602,0.88655925078408382,2.6858577507896784,-1.3288175453020117
-1.2640048226261849,-0.85432344657089354,0.87397356959642725,2.5193793527111845,-1.2750246531105343
-1.293794712255266,-0.69787987276600427,0.86049895652848329,2.3497516452616063,-1.2185760167688202
-1.3233462102851477,-0.54042810804216279,0.8462244831350817,2.177179703715157,-1.1596298685229292
-1.3525845249763062,-0.38218030499235278,0.83124002402069719,2.0018730553072843,-1.0983482493593228
-1.3814346715002803,-0.22335001398473625,0.81563605114862558,1.8240453832758035,-1.0348967489394127
-1.4098215873379276,-0.064151824584148143,0.79950342762179349,1.6439142244418932,-0.96944424014161124
-1.437670248124375,0.095198994617180788,0.78293320135794808,1.4617006607577019,-0.90216260860845576
-1.4649057837503168,0.25448685711634061,0.76601639908176944,1.2776290052557719,-0.83322647770356539
-1.4914535945287053,0.41349621991922814,0.74884382105510194,1.0919264828454893,-0.76281292929111366
-1.5172394672359819,0.57201194461870553,0.73150583696444893,0.90482290640922669,-0.69110122075639924
-1.5421896908367652,0.72981965748826827,0.71409218338182301,0.71655034865934475,-0.6182724986926702
-1.5662311717020836,0.88670610795114757,0.69669176321133719,0.52734281022331519,-0.54450950968371614
-1.5892915481312671,1.042459524788204,0.67939244752927119,0.33743588443119227,-0.46999630861739977
-1.6112993039896217,1.1968699694526512,0.66228088021992293,0.14706641928586386,-0.39491796496881593
-1.6321838812748133,1.3497296858664165,0.64544228580334451,-0.043527822899792568,-0.31946026749515488
-1.6518757914273503,1.5008334460794042,0.62896028084395761,-0.23410850770893959,-0.24380942778707076
-1.6703067252020893,1.6499788911815709,0.61291668932137688,-0.42443707217682869,-0.16815178312402887
-1.6874096609207359,1.7969668668673688,0.59739136233608336,-0.61427506920124175,-0.092673499081473903
-1.703118970927703,1.9416017530622152,0.58246200251336078,-0.80338451230842045,-0.017560272339451899
-1.7173705260749288,2.0836917870326381,0.56820399345884098,-0.99152822027481569,0.057002965858266336
-1.7301017980647222,2.2230493794139607,0.55469023460833078,-1.1784701611030954,0.13083234514552738
-1.7412519594831359,2.3594914226036878,0.54199098180315941,-1.3639757948519988,0.20374534992828866
-1.7507619813608266,2.492839590982753,0.53017369391017199,-1.5478124148188246,0.2755611112867275
-1.7585747281018771,2.6229206324427814,0.51930288579296358,-1.7297494865751468,0.34610069644128072
-1.7646350496264942,2.749566650714109,0.50943998792742839,-1.9095589843585212,0.41518739534347937
-1.7688898705774572,2.872615378006611,0.5006432129410423,-2.0870157243252865,0.48264700395509219
-1.7712882764457265,2.9919104374936714,0.49296742934073357,-2.2618976941726538,0.54830810378397665
-1.7717815964758556,3.1073015951891856,0.48646404267929289,-2.4339863786432865,0.61200233725066566
-1.7703234832171848,3.2186450007868901,0.48118088439488815,-2.6030670804293914,0.67356467846480039
-1.7668699885927808,3.3258034170525601,0.47716210854227448,-2.7689292359995683,0.73283369899751616
-1.7613796363638694,3.4286464373805652,0.4744480966181126,-2.9313667258772109,0.78965182824240499
-1.7538134908738463,3.5270506911489155,0.47307537066590055,-3.0901781789070242,0.84386560796605647
-1.7441352219622017,3.620900036529215,0.47307651482919866,-3.2451672700529373,0.89532594065672699
-1.7323111659452888,3.7100857404315746,0.47448010550422148,-3.3961430112796367,0.94388833128913197
-1.7183103825675428,3.7945066452882097,0.47731065022540986,-3.5429200350782697,0.98941312213219512
-1.7021047078337863,3.8740693224041234,0.48158853539942659,-3.6853188702073014,1.0317657202375401
-1.68366880263999,3.9486882116277329,0.48732998298514829,-3.8231662092287353,1.0708168172558472
-1.6629801971273181,4.0182857471199522,0.49454701619866126,-3.9562951674318083,1.1064426012405151
-1.6400193306913442,4.082792469025514,0.50324743430397756,-4.0845455327469899,1.138524960108845
-1.6147695875858197,4.1421471208764853,0.51343479653153601,-4.207764006265803,1.1669516764436034
-1.5872173280677286,4.1962967325838578,0.52510841514794693,-4.3258044329941399,1.1916166133300659
-1.5573519150380655,4.2451966888998136,0.53826335768177047,-4.4385280224807513,1.2124198909372357
-1.5251657361402409,4.2888107832595104,0.55289045829146422,-4.5458035589757424,1.2292680535650118
-1.4906542212857681,4.3271112569381085,0.5689763382430274,-4.6475076007888116,1.2420742268934462
-1.453815855584512,4.3600788234853693,0.5865034354463613,-4.7435246685315153,1.2507582651843001
-1.4146521876646656,4.387702678426991,0.60545004298090643,-4.8337474219436221,1.2552468882003942
-1.3731678333751094,4.4099804942485612,0.62579035652294568,-4.918076825019341,1.2554738076229466
-1.3293704748707664,4.4269184007044959,0.64749453056886019,-4.9964222991654639,1.2513798427628771
-1.2832708550891707,4.4385309505210264,0.67052874333079659,-5.0687018641406381,1.2429130253779888
-1.2348827676341581,4.4448410705884225,0.69485527016370208,-5.1348422665419244,1.2300286934239613
-1.1842230420902782,4.4458799987638544,0.72043256536533373,-5.194779095622458,1.2126895735835508
-1.1313115247990271,4.441687206431931,0.74721535217407986,-5.2484568862422902,1.1908658524353097
-1.0761710551356058,4.4323103069955776,0.77515472077269931,-5.2958292087725098,1.1645352361398418
-1.0188274373322652,4.4178049504948884,0.80419823409008495,-5.3368587457916572,1.1336829985389529
-0.95930940790161756,4.3982347045762591,0.83429004117741301,-5.3715173554323714,1.0983020175803195
-0.89764859872069969,4.3736709220584071,0.86537099791966865,-5.3997861212552953,1.0583927999979226
-0.83387949584321719,4.344192595365346,0.89737879482909433,-5.4216553885471406,1.0139634941959208
-0.76803939411500743,4.3098861981198491,0.93024809165246436,-5.4371247869590125,0.96502989130170969
-0.70016834767401881,4.2708455142130699,0.96391065851081792,-5.4462032394213917,0.91161541437152604
-0.63030911642291421,4.2271714546882686,0.9982955232769859,-5.4489089572920992,0.85375109574976193
-0.55850710856920194,4.1789718627975292,1.0333291248837182,-5.4452694217136264,0.79147554260158359
-0.48481031933348051,4.1263613076109804,1.0689354722436726,-5.4353213511767997,0.72483489065562967
-0.40926926593319518,4.0694608665778222,1.1050363084508557,-5.419110655307632,0.65388274621215159
-0.33193691895468413,4.0083978974573666,1.1415512799231213,-5.396692374915264,0.57868011648946338
-0.25286863023210226,3.9433058000564301,1.1783981101350809,-5.3681306083587028,0.49929532839929758
-0.17212205735764435,3.8743237682267857,1.2154927775819504,-5.3334984243107764,0.41580393585968894
-0.089757084952091115,3.8015965325927836,1.2527496976064014,-5.2928777610180875,0.32828861577099677
-0.005835742830346366,3.7252740944947429,1.2900819077128163,-5.2463593121759891,0.23683905279877968
0.07957787879902789,3.6455114516482103,1.3274012559866164,-5.194042399557584,0.14155181312373283
0.16641771695673702,3.5624683160329793,1.3646185922302014,-5.1360348325561223,0.042530207336207874
0.25461582618996176,3.4763088245382239,1.4016439614217395,-5.0724527548198584,-0.060115857330064248
0.34410247139244432,3.3872012429017744,1.4383867990985899,-5.0034204781780387,-0.16627003521476649
0.43480622299155308,3.2953176634920451,1.4747561282635344,-4.9290703040761441,-0.27580971067098536
0.52665405434346457,3.200833697491182,1.5106607574090165,-4.8495423327580554,-0.38860617648560469
0.61957144117466523,3.1039281620454506,1.5460094792526964,-4.7649842604510821,-0.50452482202172688
0.71348246290448825,3.004782762957646,1.5807112697762065,-4.6755511648289074,-0.62342533080943063
0.80830990568156325,2.9035817735013945,1.6146754871589764,-4.5814052790454358,-0.74516188729649468
0.90397536696436853,2.8005117099434549,1.647812070198992,-4.4827157546508376,-0.86958339245597494
1.0003993614742188,2.6957610043636846,1.6800317358139178,-4.3796584137177001,-0.99653368793411801
1.0975014283478652,2.5895196753653784,1.7112461752180779,-4.272415490523195,-1.1258517884081241
1.1952002393143786,2.4819789972714936,1.7413682483735196,-4.1611753631494253,-1.257372121809964
1.2934137077217391,2.3733311684014851,1.7703121763173435,-4.0461322753794731,-1.390924777061092
1.392059098235958,2.2637689790251643,1.7979937309716749,-3.9274860492837442,-1.5263357589490503
1.4910531370366182,2.153485479587081,1.824330422048321,-3.8054417889050187,-1.6634272497669988
1.5903121223318886,2.0426736497932105,1.8492416806659526,-3.6802095754654589,-1.8020178773255906
1.6897520350163748,1.9315260691482004,1.8726490393046449,-3.5520041545331189,-1.9419229889360996
1.789288649296102,1.8202345895263048,1.8944763077301041,-3.4210446155982659,-2.0829549309542426
1.8888376431049516,1.7089900103544255,1.9146497445284025,-3.2875540645231958,-2.2249233334645817
1.9883147081388566,1.5979817569777064,1.9330982239009566,-3.1517592893403106,-2.3676353996772059
2.0876356593351439,1.4873975627713309,1.9497533973792316,-3.0138904198854455,-2.5108961996002583
2.186716543625677,1.3774231555532204,1.9645498501292107,-2.8741805817641533,-2.6545089675439533
2.2854737477954479,1.2682419488419228,1.9774252515267237,-2.7328655451572716,-2.7982754030068202
2.3838241052795239,1.1600347384942067,1.9883204996962793,-2.5901833689835239,-2.9419959744864843
2.4816850017345962,1.0529794052444186,1.9971798597186394,-2.4463740409435668,-3.0854702257540856
2.5789744792238571,0.94725062365523138,2.0039510952251209,-2.3016791139783028,-3.228497084125904
2.6756113388570455,0.84301957797610649,2.0085855931101997,-2.1563413396815396,-3.3708751702618098
2.7715152417312048,0.74045368539094503,2.0110384811077857,-2.010604299212615,-3.5124031090173187
2.8666068080207885,0.63971632712173454,2.011268737991402,-1.8647120322608519,-3.6528798408730703
2.9608077140701434,0.54096658783827634,2.0092392961731012,-1.7189086646170957,-3.7921049334644228
3.0540407873453499,0.44435900380765414,2.0049171364917187,-1.573438034912358,-3.9298788927323627
3.146230099106456,0.35004332019967133,1.9982733749964992,-1.4285433210864373,-4.0660034732161883
3.2373010546663732,0.258164257945389,1.98928334154885,-1.2844666671501586,-4.2002819870104524
3.3271804811067041,0.16886129052801024,1.9779266500809807,-1.1414488108082192,-4.3325196109074744
3.4157967123263089,0.082268431065050995,1.9641872603674875,-0.99972871250839879,-4.4625236912504471
3.503079671303643,-0.0014859699797297177,1.948053531182814,-0.85954318648228201,-4.590104046024444
3.5889609494586177,-0.082279416135742078,1.9295182647350253,-0.72112653434318918,-4.7150732637147108
3.6733738830061231,-0.15999544502018881,1.908578742283906,-0.58471018180219159,-4.8372469984676476
3.7562536261984172,-0.23452379691225489,1.8852367508690469,-0.45052231906240076,-4.9564442610928072
3.8375372213597352,-0.30576057155429281,1.8594986010916212,-0.31878754544600074,-5.0724877054510618
3.9171636656224793,-0.3736083729494547,1.8313751359114447,-0.18972651880478109,-5.1852039097796876
3.9950739742800994,-0.43797644194819241,1.8008817304389861,-0.063555610259284745,-5.2944236525116075
4.0712112406787906,-0.49878077643977803,1.7680382827200094,0.059513435195985565,-5.3999821821550062
4.1455206925754364,-0.55594423898756484,1.7328691955287667,0.17927383168929784,-5.5017194808059351
4.2179497448965639,-0.60939665177108571,1.6954033492034184,0.29552407854796625,-5.5994805208768614
4.2884480488391574,-0.65907487872187642,1.6556740655755466,0.40806827894070535,-5.6931155146335319
4.3569675372607621,-0.70492289476326919,1.6137190630631859,0.51671645058105531,-5.7824801561417338
4.4234624663131115,-0.74689184208920611,1.5695804030146758,0.62128482799925866,-5.8674358552378401
4.4878894532801175,-0.78494007344065719,1.5233044274079366,0.72159615590012349,-5.9478499631475206
4.5502075105876294,-0.81903318236232514,1.4749416880271138,0.81747997313684628,-6.0235959893892632
4.6103780759595878,-0.84914402044664128,1.4245468672553605,0.90877288684422619,-6.0945538096125329
4.6683650387011779,-0.87525270159528823,1.3721786906394251,0.99531883628735396,-6.1606098640326676
4.7241347620971537,-0.89734659335292766,1.3178998313978871,1.0769693459975613,-6.2216573461396738
4.7776561019195745,-0.91542029539065328,1.2617768070608875,1.1535837677811462,-6.2775963813709543
4.8289004210462814,-0.92947560524035511,1.2038798684448686,1.2250295112031335,-6.3283341954539285
4.8778416001979732,-0.93952147140419018,1.1442828811809811,1.2911822621647404,-6.3737852721395045
4.9244560448081991,-0.94557393398559053,1.0830632000305231,1.3519261892094867,-6.4138715000626183
4.9687226880475128,-0.94765605301113387,1.0203015362349139,1.4071541372117207,-6.448522308483013
5.0106229900289661,-0.94579782463390294,0.95608181816167059,1.4567678081188506,-6.4776747916755841
5.0501409332289544,-0.94003608543085193,0.89049104552083147,1.5006779284376661,-6.5012738217566
5.0872630141634625,-0.93041440502725958,0.82361913743885906,1.5388044031748049,-6.5192721497498658
5.1219782313659463,-0.91698296730208606,0.75555877468930621,1.5710764559608885,-6.5316304947140553
5.1542780697192523,-0.89979844044770863,0.68640523639074913,1.5974327551087468,-6.5383176207710401
5.1841564811997056,-0.87892383617676262,0.61625623149327957,1.6178215253766317,-6.5393104018928554
5.2116098620974212,-0.85442835838764286,0.5452117253852411,1.6322006452288409,-6.5345938743238596
5.2366370267825282,-0.8263872416178295,0.47337376196072373,1.640537729407876,-6.5241612765332997
5.2592391780922902,-0.7948815796319364,0.40084628149802604,1.6428101966541124,-6.5080140766124934
5.279419874419581,-0.75999814450733094,0.32773493470628523,1.6390053224316044,-6.4861619870501395
5.2971849935882487,-0.72182919659661582,0.2541468933057115,1.6291202765410611,-6.4586229668384059
5.312542693605784,-0.68047228576073493,0.1801906575128181,1.6131621455242258,-6.4254232108820934
5.3255033703884775,-0.63603004428082854,0.10597586080806752,1.5911479397868651,-6.386597126702581
5.3360796125587999,-0.58860997187061725,0.031613072368710027,1.5631045853909515,-6.3421872984478442
5.3442861534191124,-0.53832421322301494,-0.042786402446872374,1.5290689004902873,-6.2922444382395124
5.3501398202098196,-0.48528932853701323,-0.1171107231725369,1.4890875564072319,-6.2368273249075008
5.3536594807639801,-0.42962605748100735,-0.19124771647269798,1.4432170233721988,-6.176002730182474
5.3548659876743061,-0.37145907705899278,-0.26508507915072455,1.3915235009708324,-6.1098453324354196
5.3537821200914832,-0.3109167538548735,-0.33851058153109193,1.334082833368365,-6.0384376180738837
5.3504325232763517,-0.24813089113801412,-0.41141227081904497,1.2709804094035424,-5.961869770722835
5.3448436460311353,-0.18323647132033205,-0.48367867404174841,1.2023110476687062,-5.8802395483377614
5.3370436761378404,-0.1163713942613257,-0.55519900017613288,1.128178866716236,-5.7936521484166175
5.3270624739342951,-0.047676211922473344,-0.62586334107091701,1.0486971405545724,-5.7022200614954786
5.3149315041603957,0.022706140123399887,-0.69556287077265599,0.96398813962079,-5.6060629131319297
5.3006837662093815,0.094630613818846077,-0.7641900428698476,0.87418295743939356,-5.5053072945977721
5.2843537229203168,0.16795032187369519,-0.83163878547296477,0.77942132320011215,-5.4000865825211593
5.2659772280496613,0.24251681262959746,-0.89780469345361946,0.67985140050988113,-5.2905407477355206
5.2455914525607055,0.31818034602512424,-0.96258521757217841,0.57562957259588243,-5.1768161536095327
5.2232348098708927,0.39479017014897577,-1.0258798501291722,0.46692021425967106,-5.0590653441503672
5.1989468801974708,0.47219479787150331,-1.0875903067838169,0.35389545090227742,-4.9374468221874341
5.1727683341422361,0.55024228304688816,-1.1476207041905095,0.2367349049622523,-4.8121248179608669
5.1447408556566403,0.62878049578167938,-1.2058777331130497,0.11562543012904375,-4.6832690484543136
5.1149070645279284,0.70765739627054125,-1.2622708266859668,-0.0092391662863777202,-4.5510544678261242
5.0833104385269978,0.78672130670468698,-1.3167123235017757,-0.13765841242160082,-4.415661009308308
5.0499952353576969,0.8658211807655255,-1.3691176252143824,-0.26942547195294386,-4.2772733189558956
5.0150064145467645,0.94480687022250354,-1.4194053483594367,-0.40432745476629983,-4.136080481643531
4.9783895594120722,1.0235293881629617,-1.4674974701048051,-0.5421457377521911,-3.9922757397180373
4.9401907992457765,1.1018411683902523,-1.5133194676565331,-0.68265629525087834,-3.8460562047286162
4.9004567318472159,1.1795963205360673,-1.5568004510583948,-0.82563003865693352,-3.6976225626679549
4.8592343465385648,1.2566508804440346,-1.5978732891370944,-0.97083316467770175,-3.5471787731678033
4.816570947794129,1.3328630553923841,-1.6364747283585355,-1.1180275117244718,-3.3949317631035054
4.7725140796120318,1.4080934637358562,-1.672545504375293,-1.2669709239009359,-3.241091115071657
4.7271114507541787,1.4822053685599865,-1.7060304460601263,-1.4174176220409238,-3.0858687512131144
4.6804108609780837,1.555064904954194,-1.7368785718354345,-1.5691185812339579,-2.929478612862884
4.6324601283807043,1.6265413005244995,-1.7650431781242519,-1.7218219142660678,-2.7721363365148823
4.5833070179718041,1.696507088781352,-1.7904819197640209,-1.8752732603918409,-2.6140589265972931
4.5329991715905287,1.7648383150538338,-1.8131568822407484,-2.02921617884456,-2.4554644255590534
4.4815840392756732,1.8314147345972969,-1.833034645617351,-2.1833925464815103,-2.2965715817741081
4.4291088121963753,1.8961200025780003,-1.8500863400467005,-2.3375429589533048,-2.1375995157743697
4.3756203572459302,1.9588418556358298,-1.8642876927767109,-2.491407134779704,-1.9787673853253445
4.3211651533975468,2.0194722847433439,-1.875619066571736,-2.644724321707308,-1.8202940498618458
4.2657892299167317,2.0779076990974956,-1.8840654894915967,-2.7972337047192388,-1.66239773480339
4.2095381065203421,2.1340490807990076,-1.889616675986846,-2.9486748150633404,-1.5052956962691608
4.1524567355683848,2.1878021300928951,-1.8922670392859826,-3.0987879396612112,-1.3492038867140854
4.0945894463694597,2.2390774009629082,-1.8920156950676379,-3.2473145302586133,-1.1943366220061151
4.0359798916766882,2.2877904268918465,-1.8888664564279312,-3.3939976116759509,-1.0409062504646518
3.9766709964455167,2.333861836619656,-1.8828278201704534,-3.5385821885178483,-0.88912282437686907
3.9167049089204005,2.3772174597508147,-1.8739129444632798,-3.6808156497010462,-0.7391937745068875
3.8561229541120787,2.4177884220824994,-1.8621396179245138,-3.8204481701612356,-0.59132358810882812
3.7949655897221914,2.4555112305454143,-1.8475302202145238,-3.9572331091032016,-0.44571349094987833
3.7332723645668398,2.4903278476691852,-1.8301116742298604,-4.090927404161139,-0.30256113384502359
3.6710818795454823,2.5221857555046205,-1.8099153900099103,-4.2212919608417332,-0.16206028419845747
3.6084317511964086,2.5510380089552167,-1.7869772004838025,-4.3480920366273788,-0.024400523040442185
3.5453585778746519,2.5768432784910691,-1.7613372892007761,-4.4710976191247545,0.11023305195981051
3.4818979085828912,2.5995658822378398,-1.7330401102026385,-4.5900837976507676,0.2416601170326769
3.4180842144808326,2.6191758074541767,-1.7021343002123828,-4.7048311276568651,0.36970540593424017
3.353950863092817,2.6356487214304209,-1.6686725833275042,-4.8151259874027899,0.49419898620705816
3.2895300952285251,2.6489659718617342,-1.6327116684212679,-4.9207609263010959,0.61497652763210686
3.224853004626107,2.6591145767676232,-1.5943121394688264,-5.0215350043651981,0.73187956244029717
3.1599495203217498,2.6660872040499215,-1.5535383390286968,-5.1172541222069965,0.84475573686402472
3.0948483917447214,2.6698821407996518,-1.5104582451231934,-5.2077313410427175,0.95345905362153982
3.0295771765314865,2.6705032524821584,-1.4651433417735691,-5.2927871921806782,1.0578501049406048
2.964162231047438,2.6679599321481859,-1.4176684834579338,-5.3722499754791961,1.157796295741508
2.8986287035998224,2.6622670398364647,-1.3681117537709861,-5.4459560462798633,1.2531720566145648
2.8330005303201506,2.6534448323507758,-1.3165543185756661,-5.5137500903374645,1.3438590462422069
2.7673004336899742,2.6415188836115906,-1.2630802739468074,-5.5754853862860188,1.4297463429312647
2.7015499236783409,2.6265199957988967,-1.2077764892164362,-5.6310240551989112,1.5107306249381129
2.6357693014553649,2.6084841015188083,-1.1507324454393439,-5.6802372968203292,1.5867163392855013
2.5699776656410287,2.5874521572419393,-1.0920400696056234,-5.7230056120649797,1.6576158587876386
2.5041929210441864,2.5634700282766327,-1.0317935649345185,-5.7592190114042996,1.7233496270180015
2.4384317898422916,2.5365883655541768,-0.97008923759072474,-5.7887772087781801,1.7838462909724395
2.372709825148072,2.506862474516983,-0.90702532017045623,-5.811589800693671,1.839042821199073
2.3070414269052901,2.4743521764135261,-0.84270179230993925,-5.827576430194398,1.8888846191855224
2.2414398600518619,2.4391216623165413,-0.77722019877395243,-5.8366669354079752,1.9333256118135282
2.1759172748844247,2.401239340192038,-0.71068346538541982,-5.8388014824020571,1.9723283327110166
2.1104847295554334,2.3607776753584178,-0.64319571316116897,-5.8339306821041061,2.0058639903514259
2.0451522146296126,2.3178130246843263,-0.57486207102052467,-5.8220156910645615,2.033912522771149
1.9799286796239222,2.2724254648841491,-0.50578848743577975,-5.8030282958682182,2.0564626387959297
1.9148220614515388,2.2246986152783075,-0.43608154139439437,-5.7769509810239699,2.07351184568852
1.8498393146877483,2.1747194553934444,-0.36584825304270108,-5.7437769801891303,2.0850664631506413
1.784986443572637,2.1225781377851876,-0.29519589438105825,-5.7035103106103753,2.0911416236336113
1.7202685356628751,2.0683677964719909,-0.22423180037814677,-5.6561657906899931,2.0917612589332761
1.6556897970426037,2.0121843513746747,-0.15306318087122889,-5.6017690406125249,2.086958073066477
1.5912535890011652,1.9541263091606964,-0.081796933615398137,-5.54035646599384,2.0767735014473785
1.5269624660831662,1.8942945608962627,-0.010539458842072191,-5.4719752245412696,2.0612576564039156
1.4628182154150002,1.8327921769128741,0.060603524317534185,-5.396683175741078,2.0404692590956719
1.3988218972098125,1.7697241992965111,0.13152715919314345,-5.3145488136155619,2.0144755579160969
1.3349738863519047,1.7051974324102617,0.20212763037492149,-5.2256511826203269,1.9833522334832412
1.2712739149600978,1.6393202318608993,0.27230233961288247,-5.1300797767783557,1.9471832903444783
1.2077211158285401,1.5722022923206196,0.34195007848427111,-5.0279344221748028,1.906060935541374
1.1443140666429377,1.5039544346138309,0.41097119750434563,-4.9193251429632978,1.8600854442021859
1.0810508348691903,1.4346883924775109,0.47926777136462684,-4.8043720110610542,1.8093650123497287
1.0179290232112663,1.3645165994009836,0.5467437599913364,-4.683204979736395,1.7540155971328109
0.95494581553493818,1.2935519759480787,0.61330516512631583,-4.5559637013189729,1.6941607447096416
0.89209802315377251,1.2219077179601694,0.67886018214277033,-4.4227973292879188,1.6299314060312087
0.829382131374508,1.1496970860344189,0.7433193468187993,-4.2838643050197369,1.5614657407920129
0.76679434619851228,1.0770331966656366,0.80659567680296296,-4.1393321295018479,1.4889089098347381
0.70433064107756582,1.0040288154343917,0.86860480751762137,-3.9893771203435247,1.412412856313948
0.64198680362242477,0.93079615261663196,0.92926512225789937,-3.8341841544389439,1.3321360759419902
0.57975848216351711,0.85744666158301819,0.98849787625734464,-3.6739463966617851,1.2482433766579062
0.51764123206483137,0.7840908403477117,1.0462273145033869,-3.5088650149937637,1.1609056280778358
0.45563056169295346,0.71083803661730038,1.102380783100156,-3.3391488825116169,1.0702995011012086
0.39372197794488573,0.63779625668135331,1.1568888339894468,-3.1650142666794738,0.97660719806379004
0.33191103124017052,0.56507197847599111,1.2096853228549365,-2.9866845064151097,0.88001617384401298
0.27019335988413223,0.49276996914082649,1.2607075000496109,-2.8043896774181412,0.78071884834357308
0.2085647337122892,0.42099310737880746,1.3098960944003388,-2.6183662462693862,0.67891231077795167
0.14702109692651733,0.34984221091651724,1.3571953897596749,-2.4288567138285182,0.57479801622580984
0.085558610037587635,0.27941586935048024,1.4025532941891588,-2.2361092484766765,0.46858147489945123
0.024173690830023548,0.20981028265187962,1.4459214016746134,-2.0403773097667579,0.36047193461024257
-0.03713694573153406,0.1411191055893668,1.4872550462891887,-1.8419192630617691,0.25068205691474899
-0.098376248732644389,0.073433298315962792,1.5265133487356337,-1.6409979857572161,0.139427587438265
-0.15954679375149383,0.0068409833519869068,1.5636592552154811,-1.4378804656975162,0.026927020881542946
-0.22065074658531844,-0.058572690818434192,1.5986595685880722,-1.2328373924109977,-0.086598738773320943
-0.28168982833015116,-0.12272567933376488,1.6314849717989379,-1.026142741801056,-0.20092672233396494
-0.34266528187977174,-0.18553916353662769,1.6621100435726439,-0.81807335494174582,-0.31583224321449777
-0.40357783990586782,-0.24693766637717396,1.6905132663810081,-0.60890851163843118,-0.43108924845953467
-0.46442769437884579,-0.30684916048089339,1.7166770267136289,-0.39892949942252387,-0.54647067243136527
-0.5252144676843733,-0.36520516873841014,1.740587607693225,-0.18841917865948002,-0.6617487926109612
-0.58593718538760364,-0.42194085729132064,1.7622351740939111,0.022338455544648361,-0.77669558695963481
-0.64659425069309073,-0.47699512080338297,1.7816137498359141,0.23305871394507693,-0.89108309228451676
-0.70718342064473561,-0.53031065992246451,1.7987211880453422,0.44345665557021036,-1.0046837630483523
-0.76770178410632095,-0.58183405085488182,1.8135591337828747,0.65324753124169255,-1.1172708300633645
-0.82814574155915777,-0.63151580698963761,1.8261329795594912,0.86214722749666195,-1.228618658507358
-0.88851098674960682,-0.67931043252592604,1.8364518137722532,1.0698727102040189,-1.338503104700739
-0.94879249021541689,-0.72517646807370395,1.8445283622067845,1.2761424671668098,-1.4467018710844735
-1.0089844847153886,-0.76907652821264305,1.8503789227673471,1.4806769490013447,-1.5529948588406606
-1.0690804525835902,-0.81097733101088954,1.8540232936081964,1.6831990075865917,-1.6571645176003087
-1.129073115024696,-0.85084971952038324,1.8554846948533501,1.8834343313783382,-1.7589961916866093
-1.1889544233634348,-0.88866867528170068,1.8547896841042031,2.0811118768878081,-1.8582784623468762
-1.2487155522571414,-0.92441332388582476,1.8519680659464675,2.2759642956281128,-1.9548034854316141
-1.3083468948761832,-0.95806693265616005,1.8470527956796698,2.4677283558378664,-2.0483673239851936
-1.3678380600533875,-0.98961690052842122,1.8400798775032756,2.6561453582992489,-2.1387702752207169
-1.4271778713995222,-1.0190547402210903,1.831088257404458,2.8409615455749968,-2.2258171913588432
-1.4863543683780196,-1.0463760528027373,1.8201197110021083,3.0219285039982631,-2.309317793819615
-1.545354809328501,-1.0715804947773062,1.8072187266114605,3.1988035577604608,-2.3890869802661143
-1.6041656764244101,-1.0946717378212563,1.7924323838024812,3.3713501544524394,-2.4649451240092555
-1.6627726825471383,-1.1156574213201211,1.7758102277333394,3.539338241428128,-2.5367183652942082
-1.7211607800544269,-1.13454909786464,1.757404139548147,3.7025446323720597,-2.6042388940011407
-1.7793141714180922,-1.1513621718790668,1.7372682031349216,3.8607533634682483,-2.6673452233060115
-1.8372163217021087,-1.1661158315660936,1.7154585685463286,4.0137560385823985,-2.7258824538605251
-1.8948499728489185,-1.1788329743641794,1.6920333123913187,4.1613521628863497,-2.7797025280645702
-1.9521971597383865,-1.1895401261242475,1.6670522955109399,4.3033494643716868,-2.8286644740199938
-2.0092392279807219,-1.1982673542229079,1.6405770182559203,4.4395642027174276,-2.8726346387697181
-2.0659568534013832,-1.2050481748392106,1.6126704736872968,4.5698214649960933,-2.9114869104427976
-2.1223300631733362,-1.2099194546316185,1.5833969990244761,4.6939554477234946,-2.9451029289430171
-2.1783382585485294,-1.2129213070601828,1.5528221256672732,4.8118097247776586,-2.9733722848362212
-2.2339602391384252,-1.2140969836076063,1.5210124281202064,4.9232375007353104,-2.9961927061094862
-2.289174228690054,-1.2134927601599506,1.4880353721481561,5.0281018491961067,-3.0134702324942597
-2.34395790230203,-1.2111578188154504,1.453959162492876,5.1262759356891925,-3.0251193770645903
-2.3982884150223294,-1.2071441253955095,1.418852590478987,5.2176432247802493,-3.031063274841399
-2.4521424317673612,-1.2015063029385513,1.3827848818374682,5.3020976710221008,-3.0312338181536584
-2.505496158499855,-1.1943015014618668,1.3458255450721934,5.3795438934178721,-3.0255717785283451
-2.5583253746009609,-1.1855892642817036,1.308044220692927,5.4498973330912692,-3.0140269149015326
-2.6106054663700786,-1.1754313911854166,1.2695105316348685,5.5130843938852871,-2.9965580679646631
-2.6623114615845478,-1.1638917987528552,1.2302939351806161,5.5690425656382363,-2.973133240481451
-2.7134180650491277,-1.1510363781269559,1.1904635766964864,5.6177205299126962,-2.9437296634331012
-2.7638996950646066,-1.136932850535235,1.1500881454891136,5.6590782479820332,-2.9083338478713063
-2.8137305207427712,-1.1216506208655561,1.1092357330831915,5.6930870309065202,-2.8669416223813871
-2.8628845000945438,-1.1052606296000245,1.0679736942140874,5.7197295915606263,-2.8195581560801477
-2.9113354188166958,-1.0878352034111209,1.0263685108223899,5.7390000785014346,-2.76619796709601
-2.9590569297018985,-1.069447904723658,0.98448565932961296,5.7509040915977208,-2.7068849165017785
-3.0060225925962127,-1.0501733805448636,0.94238948146596768,5.7554586793684681,-2.6416521876933614
-3.0522059148275678,-1.0300872108634451,0.90014305891251478,5.7526923180091298,-2.5705422512306333
-3.0975803920283527,-1.0092657569157695,0.85780809201043862,5.7426448721136865,-2.4936068151800046
-3.142119549275308,-0.98778600961473351,0.81544478278042853,5.725367537130154,-2.4109067610205437
-3.1857969824693684,-0.96572543843302427,0.77311172248488313,5.7009227636167381,-2.3225120651992301
-3.2285863998787687,-0.94316184102873379,0.73086578395462587,5.6693841633956881,-2.2285017064428128
-3.2704616637683572,-0.92017319389638619,0.68876201889080702,5.6308363977312199,-2.128963558957286
-3.3113968320390268,-0.89683750432137221,0.64685356034079655,5.5853750476872328,-2.0239942716676325
-3.3513661998011681,-0.87323266391009124,0.60519153053482788,5.5331064668496408,-1.913699133673211
-3.3903443408070606,-0.84943630396197189,0.56382495425782897,5.4741476166274747,-1.7981919261162727
-3.4283061486677848,-0.82552565294252178,0.52280067791789797,5.408625884374449,-1.6775947606820418
-3.4652268777811366,-0.80157739630993097,0.48216329445994166,5.3366788846023612,-1.5520379049712361
-3.5010821838980699,-0.7776675389396247,0.44195507425959291,5.2584542435842732,-1.4216595950061728
-3.5358481642565533,-0.75387127038345791,0.40221590211866487,5.174109367673557,-1.2866058351522121
-3.5695013972127652,-0.7302628331915334,0.36298322047001874,5.0838111956915037,-1.1470301857572252
-3.6020189813012231,-0.70691539451606866,0.32429197888502614,4.9877359357627142,-1.0030935388304509
-3.6333785736567328,-0.6839009212073035,0.28617458996321787,4.8860687870033841,-0.85496388210256702
-3.6635584277330135,-0.66129005860192802,0.24866089166887051,4.7790036464924111,-0.70281605182634133
-3.6925374302543048,-0.63915201319469828,0.21177811616508357,4.6667428019801172,-0.54683147469619997
-3.7202951373382898,-0.61755443937386212,0.17555086518136276,4.5494966108135344,-0.38719789928274817
-3.7468118097305703,-0.5965633303901472,0.14000109193589683,4.4274831655789235,-0.224109117394105
-3.7720684470931012,-0.57624291371899394,0.10514808961959787,4.3009279469865076,-0.057764675794012232
-3.7960468212907861,-0.55665555096439745,0.071008486434000484,4.170063464542288,0.11163042127889294
-3.8187295086232025,-0.53786164244158607,0.037596247160664564,4.0351288855725542,0.28386601833156688
-3.8400999209500633,-0.51991953656497425,0.0049226812256792929,3.8963696531878123,0.45872712310154434
-3.8601423356620694,-0.50288544415582737,-0.027003542791960933,3.7540370937895746,0.63599422882028112
-3.878841924450565,-0.48681335777303547,-0.058176376273116448,3.6083880147432525,0.81544364375346245
-3.8961847808324803,-0.47175497615847284,-0.088592363371567617,3.4596842928556786,0.99684782750684175
-3.9121579463892022,-0.45775963387687157,-0.11825060762029138,3.3081924543124819,1.1799757335738823
-3.9267494356807604,-0.44487423621863142,-0.14715273243728511,3.1541832467455881,1.3645931575910868
-3.9399482597993356,-0.43314319942161883,-0.17530283565090088,2.9979312041131312,1.5504630907587229
-3.9517444485287982,-0.4226083962572087,-0.20270743817710718,2.8397142050891508,1.7373460778739618
-3.9621290710794987,-0.41330910701345758,-0.22937542699422414,2.6798130256699975,1.9250005794171816
-3.9710942553707169,-0.40528197589671489,-0.25531799257287352,2.5185108867148136,2.1131833371254904
-3.9786332058351985,-0.398560972862125,-0.2805485609306228,2.3560929971483446,2.3016497424795999
-3.9847402197238249,-0.39317736087111455,-0.30508272049273255,2.1928460935598415,2.4901542075278296
-3.9894107018904075,-0.38915966856360051,-0.32893814395115606,2.029057976940849,2.6784505374643146
-3.992641178040115,-0.38653366832070801,-0.35213450532500534,1.8650170473086489,2.8662923043771777
-3.9944293064271323,-0.38532235968368506,-0.37469339243560551,1.7010118369672695,3.0534332215791529
-3.9947738879904771,-0.38554595808338749,-0.39663821501919821,1.5373305431615989,3.2396275179314626
-3.99367487491934,-0.38722188882430197,-0.41799410870948361,1.3742605608801497,3.424630311572975
-3.9911333776420594,-0.39036478625730603,-0.43878783513091385,1.2120880165653571,3.6081979824649206
-3.9871516702356051,-0.39498649806476155,-0.45904767835188232,1.0510973034877444,3.7900885431645035
-3.9817331942552769,-0.40109609457220752,-0.47880333795436769,0.89157061953851791,3.9700620072433321
-3.9748825609865825,-0.40869988299155319,-0.49808581898381027,0.73378750819395844,4.1478807547679866
-3.9666055521241947,-0.41780142649167473,-0.51692731904928357,0.57802440339822625,4.3233098942669264
-3.9569091188854029,-0.42840156798311368,-0.53536111284993926,0.42455417910732801,4.4961176206111269
-3.9458013795677869,-0.44049845849619579,-0.55342143440875791,0.27364570422999945,4.6660755682427411
-3.933291615563574,-0.45408759002281518,-0.57114335729944488,0.12556340369232635,4.8329591591935062
-3.9193902658452533,-0.46916183268556821,-0.58856267315603206,-0.019433173654478209,4.9965479453413311
-3.9041089199396923,-0.48571147608985055,-0.60571576875813704,-0.16108977957642784,5.1566259443641069
-3.88746030940995,-0.50372427470848813,-0.62263950198758511,-0.29915788275145139,5.3129819688574749
-3.8694582978664127,-0.52318549714177165,-0.63937107695374096,-0.43339507613332129,5.4654099480952452
-3.8501178695309441,-0.54407797908973832,-0.65594791858684465,-0.56356547471512308,5.61370924192265
-3.829455116379767,-0.56638217986857986,-0.67240754699853977,-0.68944010303635439,5.7576849462832405
-3.8074872238929047,-0.59007624229748379,-0.6887874519095154,-0.81079727179549954,5.8971481898954021
-3.7842324554397226,-0.61513605577800456,-0.70512496744309294,-0.92742294294589755,6.0319164216067165
-3.7597101353321039,-0.64153532238400923,-0.72145714758243495,-1.0391110826709777,6.1618136879695253
-3.7339406305784579,-0.66924562577632929,-0.73782064258713098,-1.1456640016547222,6.2866709005966408
-3.7069453313734626,-0.69823650275340476,-0.75425157666215736,-1.2468926820826076,6.4063260928716321
-3.6787466303597927,-0.72847551724643256,-0.77078542716926302,-1.3426170908299129,6.5206246656053999
-3.6493679006999575,-0.75992833656532599,-0.78745690566646598,-1.4326664783159189,6.6294196212476688
-3.6188334729973124,-0.79255880970004244,-0.80429984105740504,-1.5168796625255601,6.7325717862803192
-3.5871686111069194,-0.82632904748071312,-0.82134706512663613,-1.5951052977242715,6.82995002143854
-3.5543994868778825,-0.86119950439911197,-0.83863030073169909,-1.6672021274151487,6.9214314194238424
-3.5205531538700723,-0.89712906189387087,-0.85618005291603216,-1.7330392211142374,7.0069014897942123
-3.4856575200889828,-0.93407511290177447,-0.87402550320027905,-1.7924961945448694,7.0862543307359056
-3.4497413197835591,-0.97199364747829387,-0.89219440730184207,-1.8454634128788325,7.1593927874425276
-3.4128340843522844,-1.0108393392916915,-0.91071299652465232,-1.891842176679952,7.2262285968485793
-3.3749661124040564,-1.0505656327960922,-0.92960588305256375,-1.9315448902329868,7.2866825184856987
-3.3361684390204505,-1.0911248308915691,-0.94889596937065857,-1.9644952119697576,7.3406844512524341
-3.2964728042668341,-1.1324681828810443,-0.96860436202948708,-1.990628186733038,7.3881735359104015
-3.2559116210000627,-1.1745459725370913,-0.98875028995693837,-2.0098903596484701,7.4290982431425618
-3.2145179420208758,-1.2173076060946617,-1.0093510275123001,-2.0222398714045235,7.463416447032361
-3.1723254266193486,-1.2607016999894829,-1.030421822465986,-2.0276465347706152,7.4910954838454309
-3.1293683065617222,-1.3046761681660117,-1.0519758290774059,-2.0260918922142626,7.5121121960194008
-3.0856813515673718,-1.3491783087828224,-1.0740240464315594,-2.017569254508722,7.5264529612904738
-3.041299834324195,-1.3941548901484833,-1.096575262183173,-2.0020837202536597,7.534113706909511
-2.9962594950908743,-1.439552235725718,-1.1196360018448357,-1.9796521762625274,7.5350999089239536
-2.950596505934155,-1.4853163080471761,-1.1432104837430055,-1.9503032788015093,7.5294265765258448
-2.9043474346489786,-1.5313927913918017,-1.1673005797529177,-1.9140774156962674,7.5171182214899632
-2.8575492084089968,-1.577727173076739,-1.1919057819103642,-1.8710266493540284,7.4982088127501267
-2.8102390771945513,-1.6242648232260093,-1.2170231749849207,-1.8212146407796799,7.4727417161851593
-2.7624545770444842,-1.670951072883752,-1.2426474150859561,-1.7647165546957964,7.4407696197099877
-2.7142334931779715,-1.7177312903463471,-1.2687707143587801,-1.701618945907565,7.4023544437906628
-2.6656138230314474,-1.7645509555949905,-1.295382831814865,-1.6320196270841341,7.3575672375254353
-2.6166337392552692,-1.8113557327172396,-1.3224710703260594,-1.5560275181585996,7.3064880604571671
-2.5673315527138789,-1.8580915402133873,-1.3500202797988552,-1.4737624775791973,7.2492058503053176
-2.5177456755323377,-1.9047046190911296,-1.3780128665308555,-1.3853551156736774,7.185818276827999
-2.467914584231353,-1.951141598659452,-1.4064288087375671,-1.2909465904188009,7.1164315820471717
-2.4178767829916641,-1.9973495599405637,-1.4352456782239464,-1.1906883859354456,7.0411604070916187
-2.3676707670880441,-2.0432760966262808,-1.4644386681610526,-1.0847420740587663,6.9601276059341428
-2.3173349865318991,-2.0888693735134383,-1.4939806269143776,-0.97327905936020098,6.8734640463199126
-2.2669078099601458,-2.1340781823607413,-1.5238420978572598,-0.85648030802584385,6.781308398203989
-2.2164274888074957,-2.1788519951173013,-1.5539913650885555,-0.73453606102253388,6.6838069100358855
-2.1659321217975123,-2.2231410144813344,-1.5843945049611128,-0.60764553200834059,6.5811131732482986
-2.1154596197869413,-2.2668962217554176,-1.6150154433140318,-0.47601659046998895,6.4733878753263774
-2.0650476709966261,-2.3100694219723681,-1.6458160182890942,-0.33986543059422936,6.3607985418523159
-2.0147337066606785,-2.3526132862742513,-1.6767560485991002,-0.19941622640321394,6.2435192679372422
-1.9645548671250135,-2.3944813915342351,-1.7077934071032397,-0.054900773707506401,6.1217304394699932
-1.9145479684242044,-2.4356282572192574,-1.7388840995332648,0.093441880548420841,5.9956184446283052
-1.8647494693651478,-2.4760093794987004,-1.7699823482018187,0.24536582095161441,5.8653753761140512
-1.8151954391441176,-2.5155812626120575,-1.8010406805135908,0.40061865768139504,5.7311987245883689
-1.7659215255227787,-2.5543014475157744,-1.8320100220887565,0.55894193133006476,5.5932910637972428
-1.7169629235874229,-2.5921285378364831,-1.8628397942977855,0.72007152783024009,5.4518597278914491
-1.6683543451141176,-2.6290222231652818,-1.8934780159967168,0.88373810281934506,5.3071164814567684
-1.6201299885615508,-2.6649432997340035,-1.9238714092421996,1.0496675147552159,5.1592771827825361
-1.5723235097117589,-2.6998536885212201,-1.9539655087568479,1.2175812660821641,5.0085614409076618
-1.5249679929776125,-2.7337164508422216,-1.9837047749065686,1.3871969517339944,4.8551922669924075
-1.4780959233950066,-2.7664958014829817,-2.0130327099435674,1.5582287142472666,4.6993957205742865
-1.4317391593159787,-2.7981571194442409,-2.0418919772611726,1.7303877047475509,4.5414005512738393
-1.3859289058181865,-2.8286669563670701,-2.0702245233997454,1.9033825490608383,4.3814378365241602
-1.3406956888445665,-2.857993042717089,-2.0979717025362059,2.0769198181943547,4.219740615903504
-1.2960693300861184,-2.8861042918087807,-2.1250744031843944,2.2507045024229626,4.0565435226563284
-1.2520789226194513,-2.9129708017565812,-2.1514731768276052,2.4244404882107928,3.8920824129928429
